K,germ_band_push,seed,seed_std,seed_max,noise_scale,noise_scale_std,noise_scale_max,dt,dt_std,dt_max,t_final,t_final_std,t_final_max,add_MD_bool,add_MD_bool_std,add_MD_bool_max,t_at_final,t_at_final_std,t_at_final_max,nb_folds_at_final,nb_folds_at_final_std,nb_folds_at_final_max,avg_depth_at_final,avg_depth_at_final_std,avg_depth_at_final_max,max_depth_at_final,max_depth_at_final_std,max_depth_at_final_max,CF_area_of_influence_ref_at_final,CF_area_of_influence_ref_at_final_std,CF_area_of_influence_ref_at_final_max,CF_area_of_influence_current_at_final,CF_area_of_influence_current_at_final_std,CF_area_of_influence_current_at_final_max,t_at_maxBendEnergy,t_at_maxBendEnergy_std,t_at_maxBendEnergy_max,nb_folds_at_maxBendEnergy,nb_folds_at_maxBendEnergy_std,nb_folds_at_maxBendEnergy_max,avg_depth_at_maxBendEnergy,avg_depth_at_maxBendEnergy_std,avg_depth_at_maxBendEnergy_max,max_depth_at_maxBendEnergy,max_depth_at_maxBendEnergy_std,max_depth_at_maxBendEnergy_max,CF_area_of_influence_ref_at_maxBendEnergy,CF_area_of_influence_ref_at_maxBendEnergy_std,CF_area_of_influence_ref_at_maxBendEnergy_max,CF_area_of_influence_current_at_maxBendEnergy,CF_area_of_influence_current_at_maxBendEnergy_std,CF_area_of_influence_current_at_maxBendEnergy_max
5.9999999999999995e-05,0.0,912.375,475.51219753020007,1592,1e-05,0.0,1e-05,1e-05,0.0,1e-05,1000.0,0.0,1000.0,0.0,0.0,0.0,999.999998191639,0.0,999.999998191639,0.0,0.0,0,0.006015899195458808,0.0016273794081230945,0.009418485397075974,0.01887186076137882,0.005651378700036001,0.0344494753085492,0,0.0,0,0,0.0,0,999.999998191639,0.0,999.999998191639,0.0,0.0,0,0.006015899195458808,0.0016273794081230945,0.009418485397075974,0.01887186076137882,0.005651378700036001,0.0344494753085492,0,0.0,0,0,0.0,0
5.9999999999999995e-05,0.05,820.8947368421053,482.8088987876446,1590,1e-05,0.0,1e-05,1e-05,0.0,1e-05,1000.0,0.0,1000.0,0.0,0.0,0.0,999.9999981916393,0.0,999.999998191639,0.6842105263157895,0.4775669329409193,1,0.03573813069113572,0.02475286759866232,0.061914425623445984,0.16103540065343758,0.10869584184307873,0.25853405162863147,0,0.0,0,0,0.0,0,661.8421042986906,295.10455007763204,999.999998191639,0.6842105263157895,0.4775669329409193,1,0.013856123733490142,0.008829147820906103,0.02487727836323546,0.09613548643901841,0.06329829891513102,0.16185441977456713,0,0.0,0,0,0.0,0
5.9999999999999995e-05,0.1,815.8,472.6547198648569,1589,1e-05,0.0,1e-05,1e-05,0.0,1e-05,1000.0,0.0,1000.0,0.0,0.0,0.0,999.9999981916393,0.0,999.999998191639,1.0,0.0,1,0.09504044218652208,0.004728685413701368,0.10343869575264071,0.3585664181840257,0.008474678166106735,0.37472455762004914,0,0.0,0,0,0.0,0,110.25000001185822,66.9539315084667,339.9999998579788,1.1,0.3077935056255462,2,0.020512911215419552,0.00346174403684894,0.029091912341183336,0.16288347235274278,0.01582467671479405,0.1920354780483752,0,0.0,0,0,0.0,0
5.9999999999999995e-05,0.15,872.9444444444445,456.897268955599,1588,1e-05,0.0,1e-05,1e-05,0.0,1e-05,1000.0,0.0,1000.0,0.0,0.0,0.0,999.9999981916392,0.0,999.999998191639,1.0,0.0,1,0.11270919309298308,0.0046321042165108454,0.12265424035343589,0.39458973573289896,0.003985826709406707,0.3994112189427819,0,0.0,0,0,0.0,0,45.0000000030841,7.669649890908156,60.000000007845294,1.1666666666666667,0.3834824944236852,2,0.020579729407643448,0.004582074532734854,0.028416915560090544,0.17124161487028652,0.019428509992296197,0.19718287054100106,0,0.0,0,0,0.0,0
5.9999999999999995e-05,0.2,850.578947368421,454.88085323881774,1587,1e-05,0.0,1e-05,1e-05,0.0,1e-05,1000.0,0.0,1000.0,0.0,0.0,0.0,999.9999981916393,0.0,999.999998191639,1.3157894736842106,0.4775669329409193,2,0.12248205731803063,0.007853635142931943,0.13880770300154535,0.3838476129533394,0.019823488852639303,0.3998181947529847,0,0.0,0,0,0.0,0,30.000000000024453,9.279607272829344,50.00000000467117,1.6842105263157894,0.7492686492653552,3,0.02320206114367581,0.007003673972535568,0.04168290130088382,0.16591444479036058,0.024784125486590522,0.20584055294283363,0,0.0,0,0,0.0,0
5.9999999999999995e-05,0.25,849.4736842105264,456.19225581875656,1586,1e-05,0.0,1e-05,1e-05,0.0,1e-05,1000.0,0.0,1000.0,0.0,0.0,0.0,999.9999981916393,0.0,999.999998191639,1.368421052631579,0.4955946277833522,2,0.1246588200265194,0.009625977452064725,0.1459604907313343,0.38376695168434066,0.01950646564792885,0.39874410723930986,0,0.0,0,0,0.0,0,21.842105263042424,10.029197143406915,50.00000000467117,1.736842105263158,0.5619514869490163,3,0.022478836328991135,0.008406962296487665,0.04108683943614115,0.1647793700976275,0.030707145775767768,0.23644525791263674,0,0.0,0,0,0.0,0
5.9999999999999995e-05,0.3,854.4736842105264,461.823964589329,1585,1e-05,0.0,1e-05,1e-05,0.0,1e-05,1000.0,0.0,1000.0,0.0,0.0,0.0,999.9999981916393,0.0,999.999998191639,1.263157894736842,0.4524139283588641,2,0.1284463967165028,0.009307013601850432,0.1558944284512229,0.3910420958468924,0.005465946276971622,0.39854397120543905,0,0.0,0,0,0.0,0,22.10526315795629,11.93917332479506,50.00000000467117,2.0,0.4714045207910317,3,0.026321708947711932,0.009923385274823669,0.05453249883856349,0.17117303013578405,0.039808944376270465,0.23790578345556138,0,0.0,0,0,0.0,0
5.9999999999999995e-05,0.35,961.8666666666667,457.7992177904237,1591,1e-05,0.0,1e-05,1e-05,0.0,1e-05,1000.0,0.0,1000.0,0.0,0.0,0.0,999.999998191639,0.0,999.999998191639,1.0666666666666667,0.2581988897471612,2,0.1287531082205931,0.011663036562557913,0.16636861188458496,0.39170896425832896,0.004193131068509455,0.39817154892574863,0,0.0,0,0,0.0,0,14.9999999996013,4.225771273482605,24.99999999922273,1.8,0.5606119105813882,3,0.021747493276189904,0.005151253084976293,0.02834596570982963,0.15984378141239827,0.018868057490061468,0.1961110809674285,0,0.0,0,0,0.0,0
5.9999999999999995e-05,0.4,817.3,476.6674996925613,1600,1e-05,0.0,1e-05,1e-05,0.0,1e-05,1000.0,0.0,1000.0,0.0,0.0,0.0,999.9999981916393,0.0,999.999998191639,1.1,0.3077935056255463,2,0.11940320622025773,0.016055823972432593,0.14163946763327406,0.38586904252571325,0.018949428690059597,0.3981588929421605,0,0.0,0,0,0.0,0,18.499999999841833,10.143704296625065,50.00000000467117,1.65,0.5871429486123998,3,0.023696986316846236,0.012781746880857321,0.05562986229334441,0.1703728949460058,0.042755165809828626,0.2584016730908264,0,0.0,0,0,0.0,0
7e-05,0.0,811.65,477.30507457026505,1609,1e-05,0.0,1e-05,1e-05,0.0,1e-05,1000.0,0.0,1000.0,0.0,0.0,0.0,999.9999981916393,0.0,999.999998191639,0.0,0.0,0,0.006165003235472191,0.0016220298458852057,0.008889133493490393,0.017936836484808035,0.0065720842842143384,0.030098445083845835,0,0.0,0,0,0.0,0,999.9999981916393,0.0,999.999998191639,0.0,0.0,0,0.006165003235472191,0.0016220298458852057,0.008889133493490393,0.017936836484808035,0.0065720842842143384,0.030098445083845835,0,0.0,0,0,0.0,0
7e-05,0.05,817.65,480.252047312001,1608,1e-05,0.0,1e-05,1e-05,0.0,1e-05,1000.0,0.0,1000.0,0.0,0.0,0.0,999.9999981916393,0.0,999.999998191639,0.2,0.41039134083406165,1,0.007588643954582711,0.01685202002057431,0.06247498947602114,0.034363212337844416,0.07314102922260964,0.25934555967846307,0,0.0,0,0,0.0,0,944.7499983311318,170.3207109847772,999.999998191639,0.2,0.41039134083406165,1,0.004171576540801621,0.006395378462004102,0.022600376851269845,0.02458226167188094,0.04416647292530934,0.15206783837069127,0,0.0,0,0,0.0,0
7e-05,0.1,826.2105263157895,482.12095980473714,1607,1e-05,0.0,1e-05,1e-05,0.0,1e-05,1000.0,0.0,1000.0,0.0,0.0,0.0,999.9999981916393,0.0,999.999998191639,1.0,0.0,1,0.09199583785389236,0.01739577072070793,0.10814543627588775,0.35162053777534724,0.03812220489167381,0.3826414065084646,0,0.0,0,0,0.0,0,270.26315771233044,228.13539849237745,954.999998305253,1.0,0.0,1,0.020936328639509387,0.003615777556658547,0.026849716099991257,0.16592888449142096,0.017336887459560683,0.19120527626681272,0,0.0,0,0,0.0,0
7e-05,0.15,872.3529411764706,490.4271022762291,1606,1e-05,0.0,1e-05,1e-05,0.0,1e-05,1000.0,0.0,1000.0,0.0,0.0,0.0,999.9999981916391,0.0,999.999998191639,1.1764705882352942,0.3929526239966879,2,0.1165211058961825,0.00625889870249006,0.1239401832665321,0.3769932008865251,0.041310647325417775,0.39878121090532725,0,0.0,0,0,0.0,0,72.0588235410847,23.917751229841205,120.00000002689012,1.1764705882352942,0.3929526239966879,2,0.022645432011684095,0.0039026370790155272,0.03127313379954108,0.17610807780086193,0.01587424654730102,0.20135246988039515,0,0.0,0,0,0.0,0
7e-05,0.2,898.125,491.57351094893903,1605,1e-05,0.0,1e-05,1e-05,0.0,1e-05,1000.0,0.0,1000.0,0.0,0.0,0.0,999.999998191639,0.0,999.999998191639,1.125,0.3415650255319866,2,0.11771354294285145,0.009742607274685436,0.12914187628046522,0.38260428223488363,0.027561812182718488,0.39975443655044274,0,0.0,0,0,0.0,0,56.87500000751952,35.11291311469038,140.00000003323842,1.1875,0.4031128874149275,2,0.02328890590544711,0.008347046451692833,0.04134207110349463,0.18195703708839803,0.0333388536419182,0.24195624486693798,0,0.0,0,0,0.0,0
7e-05,0.25,887.7647058823529,470.74920730307196,1604,1e-05,0.0,1e-05,1e-05,0.0,1e-05,1000.0,0.0,1000.0,0.0,0.0,0.0,999.9999981916391,0.0,999.999998191639,1.1176470588235294,0.33210558207753577,2,0.1274047206972272,0.005944917556961432,0.13326987673503926,0.39020214667046504,0.005035448755999503,0.3965088825119448,0,0.0,0,0,0.0,0,26.764705882741858,13.221806855889275,65.00000000943237,1.2352941176470589,0.43723731609760313,2,0.020145513028971673,0.00462647365582274,0.03141482861170544,0.17258764869880222,0.029200534090501096,0.2368594638964884,0,0.0,0,0,0.0,0
7e-05,0.3,837.9473684210526,472.01794618474815,1603,1e-05,0.0,1e-05,1e-05,0.0,1e-05,1000.0,0.0,1000.0,0.0,0.0,0.0,999.9999981916393,0.0,999.999998191639,1.0526315789473684,0.22941573387056174,2,0.1273608427203194,0.007623426185589306,0.14393023067609703,0.3907854332167922,0.004566203934379479,0.39888042164470594,0,0.0,0,0,0.0,0,26.315789473829444,11.406882093490845,50.00000000467117,1.3157894736842106,0.47756693294091923,2,0.021588826354117758,0.009621710434279056,0.049623880430480154,0.1801107054140145,0.02763548741092086,0.2467761368003409,0,0.0,0,0,0.0,0
7e-05,0.35,848.2222222222222,484.1958227527803,1584,1e-05,0.0,1e-05,1e-05,0.0,1e-05,1000.0,0.0,1000.0,0.0,0.0,0.0,999.9999981916392,0.0,999.999998191639,1.1111111111111112,0.32338083338177737,2,0.1253168221374554,0.007992460515098688,0.13891074106390094,0.39306605265530165,0.005794483400722739,0.39975199714241333,0,0.0,0,0,0.0,0,20.83333333312828,9.432422183516682,45.0000000030841,1.3888888888888888,0.5016313257045503,2,0.021087546064453625,0.008279303507381965,0.034708756772046954,0.17241466401711214,0.025969022660956922,0.2238757313867843,0,0.0,0,0,0.0,0
7e-05,0.4,908.1875,489.92750739267547,1618,1e-05,0.0,1e-05,1e-05,0.0,1e-05,1000.0,0.0,1000.0,0.0,0.0,0.0,999.999998191639,0.0,999.999998191639,1.0625,0.25,2,0.11852293420847895,0.00890270110572175,0.13328495268030083,0.3954396353644477,0.0032356963078244653,0.3996638916531707,0,0.0,0,0,0.0,0,23.437500000369894,15.024285897488342,65.00000000943237,1.25,0.4472135954999579,2,0.0193809345708655,0.01073046213809014,0.04943701559468955,0.16870391606868818,0.031035020217434203,0.2416299257378703,0,0.0,0,0,0.0,0
8e-05,0.0,804.2631578947369,495.42763145760847,1555,1e-05,0.0,1e-05,1e-05,0.0,1e-05,1000.0,0.0,1000.0,0.0,0.0,0.0,999.9999981916393,0.0,999.999998191639,0.0,0.0,0,0.005372126624716555,0.0013509412010479244,0.007619797626174831,0.01593777583955172,0.005171567865838904,0.02807810220834304,0,0.0,0,0,0.0,0,999.9999981916393,0.0,999.999998191639,0.0,0.0,0,0.005372126624716555,0.0013509412010479244,0.007619797626174831,0.01593777583955172,0.005171567865838904,0.02807810220834304,0,0.0,0,0,0.0,0
8e-05,0.05,841.0555555555555,493.46440031585354,1553,1e-05,0.0,1e-05,1e-05,0.0,1e-05,1000.0,0.0,1000.0,0.0,0.0,0.0,999.9999981916392,0.0,999.999998191639,0.05555555555555555,0.2357022603955158,1,0.004071452509836528,0.010386498972508418,0.04566211863513902,0.01840642951024346,0.050342687305971495,0.21959177729885185,0,0.0,0,0,0.0,0,986.6666648919693,56.568542352101964,999.999998191639,0.05555555555555555,0.2357022603955158,1,0.0028610396925471066,0.00525783434578713,0.023874687923929428,0.014724819474175501,0.03478291519528775,0.15332279664962853,0,0.0,0,0,0.0,0
8e-05,0.1,856.8235294117648,499.04499237219545,1552,1e-05,0.0,1e-05,1e-05,0.0,1e-05,1000.0,0.0,1000.0,0.0,0.0,0.0,999.9999981916391,0.0,999.999998191639,0.7647058823529411,0.4372373160976031,1,0.069169156502314,0.03945042610239761,0.10043831140145032,0.26797254356244454,0.15133875087126042,0.36828247945109416,0,0.0,0,0,0.0,0,509.7058817326322,311.6712533082525,999.999998191639,0.7647058823529411,0.4372373160976031,1,0.017987936886978938,0.009912233023670478,0.026977071543836554,0.13495703052868957,0.0756333105157456,0.19384453315804687,0,0.0,0,0,0.0,0
8e-05,0.15,852.5294117647059,509.8160351596273,1551,1e-05,0.0,1e-05,1e-05,0.0,1e-05,1000.0,0.0,1000.0,0.0,0.0,0.0,999.9999981916391,0.0,999.999998191639,1.0,0.0,1,0.11800589827869302,0.010876711767273959,0.12615553208118294,0.3935197002580659,0.010720822845459563,0.39933906445969725,0,0.0,0,0,0.0,0,158.82352933595362,182.28179916807875,754.9999988102045,1.0588235294117647,0.24253562503633297,2,0.022007884222722453,0.004081416059894156,0.03166429955273895,0.1807681508882338,0.0188497864854088,0.22250606462933045,0,0.0,0,0,0.0,0
8e-05,0.2,800.7,488.6050067606542,1550,1e-05,0.0,1e-05,1e-05,0.0,1e-05,1000.0,0.0,1000.0,0.0,0.0,0.0,999.9999981916393,0.0,999.999998191639,1.0,0.0,1,0.12329502837835357,0.006584878437644215,0.1315943414337458,0.3931518926616772,0.0028523677636242218,0.399281981131494,0,0.0,0,0,0.0,0,84.75000001582563,39.850873343700776,155.0000000379996,1.15,0.36634754853252327,2,0.022198344303892913,0.005712581388406628,0.033310848041031724,0.18248427406928622,0.0256523879677447,0.23778135868973874,0,0.0,0,0,0.0,0
8e-05,0.25,831.421052631579,482.03080996382994,1549,1e-05,0.0,1e-05,1e-05,0.0,1e-05,1000.0,0.0,1000.0,0.0,0.0,0.0,999.9999981916393,0.0,999.999998191639,1.0,0.0,1,0.12532287757959254,0.006247515804107387,0.13419788558081402,0.39258749798725046,0.003185016292461686,0.3970132339259215,0,0.0,0,0,0.0,0,53.15789474313268,33.50831267333006,140.00000003323842,1.2105263157894737,0.4188539082916955,2,0.02021978354331824,0.007530672164785344,0.04012166831718012,0.16885621782835178,0.03758129867120173,0.2646324176853507,0,0.0,0,0,0.0,0
8e-05,0.3,835.9473684210526,476.7816264268639,1548,1e-05,0.0,1e-05,1e-05,0.0,1e-05,1000.0,0.0,1000.0,0.0,0.0,0.0,999.9999981916393,0.0,999.999998191639,1.0526315789473684,0.22941573387056177,2,0.12511427810312042,0.006260315164011784,0.13498954131962707,0.39280382883231635,0.005477221890818876,0.39819038038792376,0,0.0,0,0,0.0,0,36.57894737083293,19.006770112247995,70.00000001101944,1.105263157894737,0.3153017676423057,2,0.01721519213885972,0.005469329112171858,0.029823186455922954,0.164831383586731,0.02976431827382388,0.22980618250148618,0,0.0,0,0,0.0,0
8e-05,0.35,807.5,484.3235651808341,1554,1e-05,0.0,1e-05,1e-05,0.0,1e-05,1000.0,0.0,1000.0,0.0,0.0,0.0,999.9999981916393,0.0,999.999998191639,1.05,0.22360679774997894,2,0.1288851772739032,0.006698860135129771,0.13546943956948254,0.39314607646722666,0.0044125774311156475,0.3993981034436748,0,0.0,0,0,0.0,0,40.500000003396565,28.6494236264714,105.00000002212893,1.2,0.41039134083406165,2,0.022158879179481596,0.011251034194932714,0.0526739126051212,0.18137296878104184,0.03167133335877201,0.2585816571772929,0,0.0,0,0,0.0,0
8e-05,0.4,812.2,482.8510285683087,1563,1e-05,0.0,1e-05,1e-05,0.0,1e-05,1000.0,0.0,1000.0,0.0,0.0,0.0,999.9999981916393,0.0,999.999998191639,1.05,0.22360679774997894,2,0.12056892534706871,0.011242617246968862,0.14724517264527978,0.3940031241003031,0.003033342385922251,0.3995691609201257,0,0.0,0,0,0.0,0,50.250000005976204,31.684090321473818,140.00000003323842,1.15,0.36634754853252327,2,0.021368283733775025,0.010125331777375008,0.05259406196544359,0.18541717244503428,0.03220990382852363,0.25496150981441146,0,0.0,0,0,0.0,0
9e-05,0.0,846.3888888888889,475.92153813156676,1572,1e-05,0.0,1e-05,1e-05,0.0,1e-05,1000.0,0.0,1000.0,0.0,0.0,0.0,999.9999981916392,0.0,999.999998191639,0.0,0.0,0,0.005257435575307907,0.001195690916134345,0.008502867218545438,0.014834743667330667,0.004501396133375982,0.027770212527586293,0,0.0,0,0,0.0,0,999.9999981916392,0.0,999.999998191639,0.0,0.0,0,0.005257435575307907,0.001195690916134345,0.008502867218545438,0.014834743667330667,0.004501396133375982,0.027770212527586293,0,0.0,0,0,0.0,0
9e-05,0.05,820.4736842105264,483.0845760344033,1571,1e-05,0.0,1e-05,1e-05,0.0,1e-05,1000.0,0.0,1000.0,0.0,0.0,0.0,999.9999981916393,0.0,999.999998191639,0.0,0.0,0,0.0014384121410328816,0.00021510597959575734,0.001880560437239867,0.005182226235929511,0.0010960945246589855,0.007324389948676103,0,0.0,0,0,0.0,0,999.9999981916393,0.0,999.999998191639,0.0,0.0,0,0.0014384121410328816,0.00021510597959575734,0.001880560437239867,0.005182226235929511,0.0010960945246589855,0.007324389948676103,0,0.0,0,0,0.0,0
9e-05,0.1,816.6111111111111,498.5213593735317,1570,1e-05,0.0,1e-05,1e-05,0.0,1e-05,1000.0,0.0,1000.0,0.0,0.0,0.0,999.9999981916392,0.0,999.999998191639,0.5555555555555556,0.5113099925649136,1,0.04688808897415274,0.04438691410517596,0.10794286490657443,0.18757828602934382,0.1713303820604012,0.378345686392708,0,0.0,0,0,0.0,0,716.9444433229398,316.21445966289275,999.999998191639,0.5555555555555556,0.5113099925649136,1,0.013775706864577103,0.012206416605340263,0.03198631698612306,0.09932096758340914,0.08912176571032726,0.20821623582999013,0,0.0,0,0,0.0,0
9e-05,0.15,823.7368421052631,483.36446360728934,1569,1e-05,0.0,1e-05,1e-05,0.0,1e-05,1000.0,0.0,1000.0,0.0,0.0,0.0,999.9999981916393,0.0,999.999998191639,0.9473684210526315,0.22941573387056174,1,0.1033978329362544,0.03646365819937148,0.12727798938862034,0.35563745115382245,0.10807495486563551,0.3996963912284777,0,0.0,0,0,0.0,0,368.94736807580483,290.99245320740476,999.999998191639,0.9473684210526315,0.22941573387056174,1,0.021243294514593176,0.006515306989648544,0.02883449271343433,0.17222565309068272,0.047437741821353525,0.21130427823334075,0,0.0,0,0,0.0,0
9e-05,0.2,842.6315789473684,460.7706359430562,1568,1e-05,0.0,1e-05,1e-05,0.0,1e-05,1000.0,0.0,1000.0,0.0,0.0,0.0,999.9999981916393,0.0,999.999998191639,1.0,0.0,1,0.12503973942574648,0.007191379348804772,0.13274263651680682,0.39352344798142286,0.003829117692846565,0.3998305207264708,0,0.0,0,0,0.0,0,153.4210525992572,124.57764893513495,434.9999996181268,1.0,0.0,1,0.02344454392116833,0.005430093845752787,0.037621236920628555,0.19407248476223687,0.025772522322528184,0.2504880227081788,0,0.0,0,0,0.0,0
9e-05,0.25,848.2222222222222,481.42809072170655,1567,1e-05,0.0,1e-05,1e-05,0.0,1e-05,1000.0,0.0,1000.0,0.0,0.0,0.0,999.9999981916392,0.0,999.999998191639,1.0,0.0,1,0.12873281013143179,0.005915212033037041,0.13882176716511477,0.39398235335910203,0.003199641363425793,0.39935525932002075,0,0.0,0,0,0.0,0,124.72222223790043,83.46313420421158,294.99999997159284,1.1111111111111112,0.32338083338177737,2,0.021378644699396362,0.004636972448377671,0.03360782055068731,0.18654229752148058,0.02264737971168579,0.22591168836744224,0,0.0,0,0,0.0,0
9e-05,0.3,848.6666666666666,480.3683635564298,1566,1e-05,0.0,1e-05,1e-05,0.0,1e-05,1000.0,0.0,1000.0,0.0,0.0,0.0,999.9999981916392,0.0,999.999998191639,1.0,0.0,1,0.12632726697279342,0.007215295482358186,0.13659179738526736,0.39338860974823037,0.003542033763778573,0.39981117832174834,0,0.0,0,0,0.0,0,85.27777779406108,56.76246229838428,240.0000000649797,1.0555555555555556,0.2357022603955158,2,0.01888325932984876,0.005324698106570862,0.03660839004165559,0.17630738137528568,0.026226606313496097,0.25534139308697346,0,0.0,0,0,0.0,0
9e-05,0.35,834.1111111111111,486.3980322242618,1546,1e-05,0.0,1e-05,1e-05,0.0,1e-05,1000.0,0.0,1000.0,0.0,0.0,0.0,999.9999981916392,0.0,999.999998191639,1.0,0.0,1,0.12574544672819968,0.005896259710811326,0.13690236648480558,0.3923702121838026,0.0027107945414116194,0.39714927238640724,0,0.0,0,0,0.0,0,99.44444446457311,71.94542232434065,265.00000004733556,1.0,0.0,1,0.01705829412968064,0.006141174378917167,0.0366899976239373,0.1692893464581457,0.030566047028152528,0.251198340534932,0,0.0,0,0,0.0,0
9e-05,0.4,836.4736842105264,474.82000898832445,1610,1e-05,0.0,1e-05,1e-05,0.0,1e-05,1000.0,0.0,1000.0,0.0,0.0,0.0,999.9999981916393,0.0,999.999998191639,1.0,0.0,1,0.11832688730588466,0.009036396621711138,0.13539384124772907,0.3945674656081028,0.003974048439691718,0.3997983836302205,0,0.0,0,0,0.0,0,121.05263159785079,90.39387497846158,294.99999997159284,1.0526315789473684,0.22941573387056177,2,0.020222888601830125,0.007761706377103402,0.040595804447701174,0.1824223128647082,0.030992754365591436,0.23045549749335503,0,0.0,0,0,0.0,0
0.0001,0.0,831.0,485.04112082264623,1574,1e-05,0.0,1e-05,1e-05,0.0,1e-05,1000.0,0.0,1000.0,0.0,0.0,0.0,999.9999981916393,0.0,999.999998191639,0.0,0.0,0,0.004593326937289736,0.0010421418819992652,0.006738457668453628,0.012978459237700803,0.004482726814947801,0.025214177660554535,0,0.0,0,0,0.0,0,999.9999981916393,0.0,999.999998191639,0.0,0.0,0,0.004593326937289736,0.0010421418819992652,0.006738457668453628,0.012978459237700803,0.004482726814947801,0.025214177660554535,0,0.0,0,0,0.0,0
0.0001,0.05,887.5882352941177,481.95345455027206,1575,1e-05,0.0,1e-05,1e-05,0.0,1e-05,1000.0,0.0,1000.0,0.0,0.0,0.0,999.9999981916391,0.0,999.999998191639,0.0,0.0,0,0.0014158827750352352,0.00021617709178952164,0.0017891087780815371,0.005038400898472252,0.0014749588948944666,0.008459925148820775,0,0.0,0,0,0.0,0,999.9999981916391,0.0,999.999998191639,0.0,0.0,0,0.0014158827750352352,0.00021617709178952164,0.0017891087780815371,0.005038400898472252,0.0014749588948944666,0.008459925148820775,0,0.0,0,0,0.0,0
0.0001,0.1,822.8421052631579,496.0131341403835,1576,1e-05,0.0,1e-05,1e-05,0.0,1e-05,1000.0,0.0,1000.0,0.0,0.0,0.0,999.9999981916393,0.0,999.999998191639,0.15789473684210525,0.37463432463267754,1,0.015751878175060553,0.03515784120229727,0.10912711595578659,0.05913724514215361,0.13050941506566555,0.37615416951647546,0,0.0,0,0,0.0,0,911.3157878741208,228.45399499846377,999.999998191639,0.15789473684210525,0.37463432463267754,1,0.004996976025771814,0.009416791164420008,0.02982975727087993,0.03262330881913103,0.06768658613686188,0.20169525034190916,0,0.0,0,0,0.0,0
0.0001,0.15,808.25,483.88546654848204,1577,1e-05,0.0,1e-05,1e-05,0.0,1e-05,1000.0,0.0,1000.0,0.0,0.0,0.0,999.9999981916393,0.0,999.999998191639,0.7,0.4701623459816272,1,0.06840432632057031,0.05536163756128129,0.13167815176943695,0.248511250398674,0.17583310278099643,0.39946193546914655,0,0.0,0,0,0.0,0,616.999999036834,396.9303258037487,999.999998191639,0.7,0.4701623459816272,1,0.0173625605273118,0.011486720857358506,0.031317416071080004,0.1344159147589304,0.08936022285318526,0.22049224925517458,0,0.0,0,0,0.0,0
0.0001,0.2,823.3157894736842,491.0299891986208,1578,1e-05,0.0,1e-05,1e-05,0.0,1e-05,1000.0,0.0,1000.0,0.0,0.0,0.0,999.9999981916393,0.0,999.999998191639,0.8421052631578947,0.3746343246326775,1,0.09889337371823906,0.046459839907237385,0.1337750813443104,0.32962946706753415,0.14572201924800862,0.3987536142377847,0,0.0,0,0,0.0,0,475.26315728301216,342.111391493257,999.999998191639,0.8421052631578947,0.3746343246326775,1,0.020366199945346053,0.009289531201100152,0.028702718716771044,0.16659360866366388,0.07472098201936242,0.22002684431795805,0,0.0,0,0,0.0,0
0.0001,0.25,832.1052631578947,487.1348084847016,1579,1e-05,0.0,1e-05,1e-05,0.0,1e-05,1000.0,0.0,1000.0,0.0,0.0,0.0,999.9999981916393,0.0,999.999998191639,1.0,0.0,1,0.12723820773533906,0.01253166230044201,0.13877221380144536,0.3925042848264262,0.0046533009344741395,0.3985043521390344,0,0.0,0,0,0.0,0,232.36842089566863,218.98356335663314,794.9999987092143,1.105263157894737,0.3153017676423057,2,0.022073269430827575,0.004893795923081762,0.03139124357506348,0.18930618685669498,0.023710623997351434,0.2180063216450205,0,0.0,0,0,0.0,0
0.0001,0.3,923.125,474.1995184870323,1580,1e-05,0.0,1e-05,1e-05,0.0,1e-05,1000.0,0.0,1000.0,0.0,0.0,0.0,999.999998191639,0.0,999.999998191639,1.0,0.0,1,0.12498343634162763,0.01650769344006704,0.1395429965491316,0.38944556536475455,0.010549937929234126,0.39774029836020613,0,0.0,0,0,0.0,0,199.06249991129818,201.27277269374744,864.9999985324812,1.0625,0.24999999999999997,2,0.020025059119361147,0.007427651277455552,0.040752156116887484,0.17986943912848682,0.03499376000939824,0.2708603430009104,0,0.0,0,0,0.0,0
0.0001,0.35,847.8421052631579,474.649375054646,1565,1e-05,0.0,1e-05,1e-05,0.0,1e-05,1000.0,0.0,1000.0,0.0,0.0,0.0,999.9999981916393,0.0,999.999998191639,1.0,0.0,1,0.12537747268137334,0.008298542233333855,0.13725985463402451,0.39370144756287095,0.0034388707035374875,0.3990428106034486,0,0.0,0,0,0.0,0,177.63157891843076,130.07869848531305,504.9999994413938,1.0,0.0,1,0.024448407079910188,0.010527002246182133,0.0409935853426553,0.20288266500700897,0.047972555925264726,0.26892479704675226,0,0.0,0,0,0.0,0
0.0001,0.4,848.8888888888889,498.0892772431215,1564,1e-05,0.0,1e-05,1e-05,0.0,1e-05,1000.0,0.0,1000.0,0.0,0.0,0.0,999.9999981916392,0.0,999.999998191639,1.0,0.0,1,0.11982113722761843,0.008187069040029417,0.13321704738625756,0.39366366405770736,0.003223076488613152,0.39806940354172243,0,0.0,0,0,0.0,0,208.88888888213685,108.1740910604837,379.99999975698853,1.0,0.0,1,0.02036773364948371,0.008424847461500165,0.034226529546826125,0.18536980615902232,0.04307901484711598,0.24628717931082797,0,0.0,0,0,0.0,0
0.00011,0.0,905.3125,490.6297611233953,1562,1e-05,0.0,1e-05,1e-05,0.0,1e-05,1000.0,0.0,1000.0,0.0,0.0,0.0,999.999998191639,0.0,999.999998191639,0.0,0.0,0,0.005157068211796886,0.0016920655650976477,0.009337639011132891,0.01605305852085552,0.006575215560793405,0.029113782740503576,0,0.0,0,0,0.0,0,999.999998191639,0.0,999.999998191639,0.0,0.0,0,0.005157068211796886,0.0016920655650976477,0.009337639011132891,0.01605305852085552,0.006575215560793405,0.029113782740503576,0,0.0,0,0,0.0,0
0.00011,0.05,929.6875,463.8227705708291,1556,1e-05,0.0,1e-05,1e-05,0.0,1e-05,1000.0,0.0,1000.0,0.0,0.0,0.0,999.999998191639,0.0,999.999998191639,0.0,0.0,0,0.0013815189881013744,0.0002640065898622013,0.001939106164537203,0.004411086657314972,0.001130317579851082,0.007626085701668361,0,0.0,0,0,0.0,0,999.999998191639,0.0,999.999998191639,0.0,0.0,0,0.0013815189881013744,0.0002640065898622013,0.001939106164537203,0.004411086657314972,0.001130317579851082,0.007626085701668361,0,0.0,0,0,0.0,0
0.00011,0.1,842.3157894736842,473.89673659887586,1557,1e-05,0.0,1e-05,1e-05,0.0,1e-05,1000.0,0.0,1000.0,0.0,0.0,0.0,999.9999981916393,0.0,999.999998191639,0.0,0.0,0,0.0010100916023700352,0.00021454856479257591,0.0013693823464178473,0.003835079702694902,0.0014265242309256998,0.008312779356679035,0,0.0,0,0,0.0,0,999.9999981916393,0.0,999.999998191639,0.0,0.0,0,0.0010100916023700352,0.00021454856479257591,0.0013693823464178473,0.003835079702694902,0.0014265242309256998,0.008312779356679035,0,0.0,0,0,0.0,0
0.00011,0.15,840.3333333333334,498.22343204158324,1558,1e-05,0.0,1e-05,1e-05,0.0,1e-05,1000.0,0.0,1000.0,0.0,0.0,0.0,999.9999981916392,0.0,999.999998191639,0.2777777777777778,0.4608885989624768,1,0.032935827215173095,0.05419304879955902,0.13121599546519222,0.11021789377466418,0.17850936846422205,0.39643739283911283,0,0.0,0,0,0.0,0,823.8888874844278,321.44231665133947,999.999998191639,0.2777777777777778,0.4608885989624768,1,0.008357276147634431,0.01269908672964425,0.03068269677333977,0.05992926366227285,0.09506725133196918,0.22026644187522845,0,0.0,0,0,0.0,0
0.00011,0.2,904.1875,491.88145167306317,1559,1e-05,0.0,1e-05,1e-05,0.0,1e-05,1000.0,0.0,1000.0,0.0,0.0,0.0,999.999998191639,0.0,999.999998191639,0.3125,0.47871355387816905,1,0.035126970382844784,0.054498504150379705,0.13486431440291857,0.12031563518868248,0.1801968384665348,0.39297013295493965,0,0.0,0,0,0.0,0,828.7499985827922,313.56285850443425,999.999998191639,0.3125,0.47871355387816905,1,0.007991210037215082,0.011403521486755623,0.029070908163193222,0.06343085467567243,0.09336830231511864,0.2204335761707781,0,0.0,0,0,0.0,0
0.00011,0.25,817.2105263157895,493.4243811193777,1560,1e-05,0.0,1e-05,1e-05,0.0,1e-05,1000.0,0.0,1000.0,0.0,0.0,0.0,999.9999981916393,0.0,999.999998191639,0.6842105263157895,0.4775669329409193,1,0.0790805369776501,0.05701514097655848,0.13686475937114803,0.2679559477262307,0.18549226406212396,0.3977332119768965,0,0.0,0,0,0.0,0,639.210525366876,347.683856068403,999.999998191639,0.6842105263157895,0.4775669329409193,1,0.015558064277379052,0.012553726851026225,0.04844146349737041,0.13153282625333262,0.09497603135095607,0.29410250123705384,0,0.0,0,0,0.0,0
0.00011,0.3,837.0,498.92991373892323,1561,1e-05,0.0,1e-05,1e-05,0.0,1e-05,1000.0,0.0,1000.0,0.0,0.0,0.0,999.9999981916392,0.0,999.999998191639,0.8333333333333334,0.38348249442368526,1,0.09689667469471876,0.04773613934050016,0.13791924818510556,0.3252382753739257,0.1489796493674914,0.39834046551721086,0,0.0,0,0,0.0,0,497.4999993360635,361.7329605300571,999.999998191639,0.8333333333333334,0.38348249442368526,1,0.01764570657692167,0.009736518095560701,0.034424218153222975,0.1569595768539017,0.07663232676295186,0.2456070693735705,0,0.0,0,0,0.0,0
0.00011,0.35,814.0,481.6843255428644,1581,1e-05,0.0,1e-05,1e-05,0.0,1e-05,1000.0,0.0,1000.0,0.0,0.0,0.0,999.9999981916393,0.0,999.999998191639,0.7,0.47016234598162726,1,0.07854121594688657,0.05598616514833616,0.13284084277699,0.2687177441308413,0.18144226797852503,0.39782328837273523,0,0.0,0,0,0.0,0,637.2499990672778,322.1942647758309,999.999998191639,0.7,0.47016234598162726,1,0.016509721077486404,0.013097629862085259,0.03936233602761893,0.14054396773615366,0.09951987271524713,0.2670656765521933,0,0.0,0,0,0.0,0
0.00011,0.4,840.0,474.7670773945659,1583,1e-05,0.0,1e-05,1e-05,0.0,1e-05,1000.0,0.0,1000.0,0.0,0.0,0.0,999.9999981916393,0.0,999.999998191639,0.6842105263157895,0.4775669329409193,1,0.07195554046063925,0.053075381162433995,0.12504919035411446,0.25852982173904254,0.18147828298629806,0.3972659503581683,0,0.0,0,0,0.0,0,629.2105254138138,339.9479656179564,999.999998191639,0.6842105263157895,0.4775669329409193,1,0.014271322925116946,0.012142611222607657,0.03831337130136739,0.1281487658734638,0.09522513496729067,0.2589874597958656,0,0.0,0,0,0.0,0
0.00011999999999999999,0.0,815.2631578947369,494.45984469084647,1611,1e-05,0.0,1e-05,1e-05,0.0,1e-05,1000.0,0.0,1000.0,0.0,0.0,0.0,999.9999981916393,0.0,999.999998191639,0.0,0.0,0,0.004740806849297806,0.0017517840324495534,0.009318114764309954,0.014112095390836684,0.00569631012161066,0.032757688267878546,0,0.0,0,0,0.0,0,999.9999981916393,0.0,999.999998191639,0.0,0.0,0,0.004740806849297806,0.0017517840324495534,0.009318114764309954,0.014112095390836684,0.00569631012161066,0.032757688267878546,0,0.0,0,0,0.0,0
0.00011999999999999999,0.05,925.5,455.43590840717275,1612,1e-05,0.0,1e-05,1e-05,0.0,1e-05,1000.0,0.0,1000.0,0.0,0.0,0.0,999.999998191639,0.0,999.999998191639,0.0,0.0,0,0.0014879417896713448,0.00032592199598666127,0.0022969966769242527,0.005304443917477708,0.0019498052238328524,0.010189827216351536,0,0.0,0,0,0.0,0,999.999998191639,0.0,999.999998191639,0.0,0.0,0,0.0014879417896713448,0.00032592199598666127,0.0022969966769242527,0.005304443917477708,0.0019498052238328524,0.010189827216351536,0,0.0,0,0,0.0,0
0.00011999999999999999,0.1,878.5294117647059,480.4802438247408,1613,1e-05,0.0,1e-05,1e-05,0.0,1e-05,1000.0,0.0,1000.0,0.0,0.0,0.0,999.9999981916391,0.0,999.999998191639,0.0,0.0,0,0.00097509455968009,0.00021688554813414912,0.001637148459667627,0.0035256453542932284,0.0011590315596966888,0.006153027645938523,0,0.0,0,0,0.0,0,999.9999981916391,0.0,999.999998191639,0.0,0.0,0,0.00097509455968009,0.00021688554813414912,0.001637148459667627,0.0035256453542932284,0.0011590315596966888,0.006153027645938523,0,0.0,0,0,0.0,0
0.00011999999999999999,0.15,893.625,490.12160055779356,1614,1e-05,0.0,1e-05,1e-05,0.0,1e-05,1000.0,0.0,1000.0,0.0,0.0,0.0,999.999998191639,0.0,999.999998191639,0.125,0.3415650255319866,1,0.012822567400267717,0.03510992376027384,0.13028171086624174,0.046632982098541165,0.12127564348236557,0.39188944925501806,0,0.0,0,0,0.0,0,940.6249983236053,211.13088311514502,999.999998191639,0.125,0.3415650255319866,1,0.003975754966858598,0.008854632641269414,0.029022864679619242,0.027119630448776348,0.06735766575798095,0.21095324710635563,0,0.0,0,0,0.0,0
0.00011999999999999999,0.2,891.25,500.44213784745716,1615,1e-05,0.0,1e-05,1e-05,0.0,1e-05,1000.0,0.0,1000.0,0.0,0.0,0.0,999.999998191639,0.0,999.999998191639,0.1875,0.4031128874149275,1,0.020367122983731535,0.043178373429968823,0.12558516023275815,0.07451104225052303,0.15440000656020272,0.3970281251825723,0,0.0,0,0,0.0,0,932.8124983612711,170.48918544361683,999.999998191639,0.1875,0.4031128874149275,1,0.005627870663459515,0.01062323526723655,0.027808783209505396,0.04169772298467714,0.08375869164931245,0.21570803536020178,0,0.0,0,0,0.0,0
0.00011999999999999999,0.25,834.9444444444445,493.7446913754496,1616,1e-05,0.0,1e-05,1e-05,0.0,1e-05,1000.0,0.0,1000.0,0.0,0.0,0.0,999.9999981916392,0.0,999.999998191639,0.4444444444444444,0.5113099925649136,1,0.054846558030107934,0.06391712136401195,0.1396958433470002,0.1734163849159405,0.19710884439686402,0.39564816731524244,0,0.0,0,0,0.0,0,699.4444433230695,386.5225381978333,999.999998191639,0.4444444444444444,0.5113099925649136,1,0.009589796769960522,0.01061394500697562,0.025023982094562053,0.08321586912214995,0.09412558657476176,0.2054647743175639,0,0.0,0,0,0.0,0
0.00011999999999999999,0.3,871.1764705882352,492.4622111510331,1617,1e-05,0.0,1e-05,1e-05,0.0,1e-05,1000.0,0.0,1000.0,0.0,0.0,0.0,999.9999981916391,0.0,999.999998191639,0.5294117647058824,0.5144957554275266,1,0.05423786998885094,0.05741344086180949,0.1376641932730024,0.19804017272895938,0.19285217328302925,0.39836501177512873,0,0.0,0,0,0.0,0,792.3529398652837,300.3493669546792,999.999998191639,0.5294117647058824,0.5144957554275266,1,0.015396796756759593,0.01614025903893372,0.044500945584015,0.11823347129239385,0.11704064405127101,0.2841951269086972,0,0.0,0,0,0.0,0
0.00011999999999999999,0.35,860.3529411764706,508.07429835316293,1602,1e-05,0.0,1e-05,1e-05,0.0,1e-05,1000.0,0.0,1000.0,0.0,0.0,0.0,999.9999981916391,0.0,999.999998191639,0.23529411764705882,0.43723731609760313,1,0.02407746963860128,0.04507032105122013,0.12276266220904641,0.0903365119438694,0.16528458264481685,0.39676183095464146,0,0.0,0,0,0.0,0,922.941174856782,186.33855920930554,999.999998191639,0.23529411764705882,0.43723731609760313,1,0.0047350005421267615,0.00815174927922618,0.02187245566745747,0.043499588984552355,0.07824840601631355,0.1972825713825257,0,0.0,0,0,0.0,0
0.00011999999999999999,0.4,867.7647058823529,507.2459375652708,1601,1e-05,0.0,1e-05,1e-05,0.0,1e-05,1000.0,0.0,1000.0,0.0,0.0,0.0,999.9999981916391,0.0,999.999998191639,0.4117647058823529,0.5072996561958925,1,0.045548453920882984,0.05740641356672649,0.12689114814832725,0.15787116483268382,0.19360139928636794,0.39485919539253056,0,0.0,0,0,0.0,0,758.529410514506,348.1144052793041,999.999998191639,0.4117647058823529,0.5072996561958925,1,0.008528881093089266,0.011640907597237243,0.036655348692191475,0.0757747519127791,0.096640391554592,0.25631515443262404,0,0.0,0,0,0.0,0
0.00013000000000000002,0.0,849.2777777777778,478.805352266949,1599,1e-05,0.0,1e-05,1e-05,0.0,1e-05,1000.0,0.0,1000.0,0.0,0.0,0.0,999.9999981916392,0.0,999.999998191639,0.0,0.0,0,0.004784455168651983,0.00104333682563956,0.006926436740004161,0.013985248783951913,0.0034054798709851615,0.02063142745658967,0,0.0,0,0,0.0,0,999.9999981916392,0.0,999.999998191639,0.0,0.0,0,0.004784455168651983,0.00104333682563956,0.006926436740004161,0.013985248783951913,0.0034054798709851615,0.02063142745658967,0,0.0,0,0,0.0,0
0.00013000000000000002,0.05,861.75,519.1524503136499,1593,1e-05,0.0,1e-05,1e-05,0.0,1e-05,1000.0,0.0,1000.0,0.0,0.0,0.0,999.999998191639,0.0,999.999998191639,0.0,0.0,0,0.0012621715947942111,0.0003103421477721925,0.001934562228239203,0.004471204436619468,0.0014424495278769173,0.006749675563717831,0,0.0,0,0,0.0,0,999.999998191639,0.0,999.999998191639,0.0,0.0,0,0.0012621715947942111,0.0003103421477721925,0.001934562228239203,0.004471204436619468,0.0014424495278769173,0.006749675563717831,0,0.0,0,0,0.0,0
0.00013000000000000002,0.1,847.5555555555555,477.5156569311409,1594,1e-05,0.0,1e-05,1e-05,0.0,1e-05,1000.0,0.0,1000.0,0.0,0.0,0.0,999.9999981916392,0.0,999.999998191639,0.0,0.0,0,0.000902481364649072,0.00018808806491796317,0.0013491946395425914,0.0032245599535024316,0.000886115634247902,0.005235780547906265,0,0.0,0,0,0.0,0,999.9999981916392,0.0,999.999998191639,0.0,0.0,0,0.000902481364649072,0.00018808806491796317,0.0013491946395425914,0.0032245599535024316,0.000886115634247902,0.005235780547906265,0,0.0,0,0,0.0,0
0.00013000000000000002,0.15,827.421052631579,485.59463155890677,1595,1e-05,0.0,1e-05,1e-05,0.0,1e-05,1000.0,0.0,1000.0,0.0,0.0,0.0,999.9999981916393,0.0,999.999998191639,0.0,0.0,0,0.000821841297968796,0.00017613011152210566,0.0011567202133953636,0.003162100651317585,0.0016413076360877457,0.007057908905743583,0,0.0,0,0,0.0,0,999.9999981916393,0.0,999.999998191639,0.0,0.0,0,0.000821841297968796,0.00017613011152210566,0.0011567202133953636,0.003162100651317585,0.0016413076360877457,0.007057908905743583,0,0.0,0,0,0.0,0
0.00013000000000000002,0.2,828.6315789473684,485.13299557112475,1596,1e-05,0.0,1e-05,1e-05,0.0,1e-05,1000.0,0.0,1000.0,0.0,0.0,0.0,999.9999981916393,0.0,999.999998191639,0.05263157894736842,0.22941573387056177,1,0.006218248360705963,0.024307698095479568,0.10659486698205875,0.02291694249837526,0.0902189512378733,0.39546371022050253,0,0.0,0,0,0.0,0,987.6315771702346,53.91269732346556,999.999998191639,0.05263157894736842,0.22941573387056177,1,0.00248020455299434,0.008014736790474746,0.03557203463553791,0.015032728298554595,0.055854078923671946,0.24566364042390987,0,0.0,0,0,0.0,0
0.00013000000000000002,0.25,827.9473684210526,487.8628534154758,1597,1e-05,0.0,1e-05,1e-05,0.0,1e-05,1000.0,0.0,1000.0,0.0,0.0,0.0,999.9999981916393,0.0,999.999998191639,0.05263157894736842,0.22941573387056172,1,0.00743967262784135,0.030102182100096245,0.1317451493098562,0.022579335144757528,0.08957940916487223,0.3924889839357683,0,0.0,0,0,0.0,0,961.3157877629914,168.6205639691369,999.999998191639,0.05263157894736842,0.22941573387056172,1,0.0021103018444549996,0.0068727946875442895,0.03048710442551552,0.014010852261719357,0.05223147332037035,0.2296878091580431,0,0.0,0,0,0.0,0
0.00013000000000000002,0.3,809.85,487.68036069799484,1598,1e-05,0.0,1e-05,1e-05,0.0,1e-05,1000.0,0.0,1000.0,0.0,0.0,0.0,999.9999981916393,0.0,999.999998191639,0.15,0.36634754853252327,1,0.01557790778607925,0.038745772899315474,0.12310479279238878,0.05695611121028821,0.13561977630490446,0.39325817303245963,0,0.0,0,0,0.0,0,937.4999983494363,184.73665420435486,999.999998191639,0.15,0.36634754853252327,1,0.003096911648459445,0.006497806568699439,0.02136770523568212,0.02717411354791502,0.0625323868267286,0.18896304150031504,0,0.0,0,0,0.0,0
0.00013000000000000002,0.35,815.7894736842105,496.1221376219736,1547,1e-05,0.0,1e-05,1e-05,0.0,1e-05,1000.0,0.0,1000.0,0.0,0.0,0.0,999.9999981916393,0.0,999.999998191639,0.10526315789473684,0.3153017676423058,1,0.012540659023373452,0.036475930223239736,0.12697150217258157,0.04322687989257985,0.12508781285960333,0.3982341459398734,0,0.0,0,0,0.0,0,963.4210509155707,109.82375539489632,999.999998191639,0.10526315789473684,0.3153017676423058,1,0.00404455128506798,0.011522244190566536,0.04660305282279688,0.027333023852925156,0.07885149513112849,0.2911241517811953,0,0.0,0,0,0.0,0
0.00013000000000000002,0.4,915.3333333333334,500.00038095223584,1582,1e-05,0.0,1e-05,1e-05,0.0,1e-05,1000.0,0.0,1000.0,0.0,0.0,0.0,999.999998191639,0.0,999.999998191639,0.0,0.0,0,0.00036608388879822047,5.1345519808634975e-05,0.00046376278991538326,0.0012748766751919838,0.0003370671994217268,0.002134046934105565,0,0.0,0,0,0.0,0,999.999998191639,0.0,999.999998191639,0.0,0.0,0,0.00036608388879822047,5.1345519808634975e-05,0.00046376278991538326,0.0012748766751919838,0.0003370671994217268,0.002134046934105565,0,0.0,0,0,0.0,0
0.00014,0.0,835.5263157894736,480.3643719350566,1545,1e-05,0.0,1e-05,1e-05,0.0,1e-05,1000.0,0.0,1000.0,0.0,0.0,0.0,999.9999981916393,0.0,999.999998191639,0.0,0.0,0,0.005241565444898943,0.0020505417631301137,0.010566475469912653,0.0160593673308195,0.005615854221712335,0.03004803849561484,0,0.0,0,0,0.0,0,999.9999981916393,0.0,999.999998191639,0.0,0.0,0,0.005241565444898943,0.0020505417631301137,0.010566475469912653,0.0160593673308195,0.005615854221712335,0.03004803849561484,0,0.0,0,0,0.0,0
0.00014,0.05,853.9411764705883,502.53264453518784,1539,1e-05,0.0,1e-05,1e-05,0.0,1e-05,1000.0,0.0,1000.0,0.0,0.0,0.0,999.9999981916391,0.0,999.999998191639,0.0,0.0,0,0.0014009305778580241,0.0003218034855238028,0.0021238274000906633,0.004478450529111338,0.0011268356181945362,0.006760332001372441,0,0.0,0,0,0.0,0,999.9999981916391,0.0,999.999998191639,0.0,0.0,0,0.0014009305778580241,0.0003218034855238028,0.0021238274000906633,0.004478450529111338,0.0011268356181945362,0.006760332001372441,0,0.0,0,0,0.0,0
0.00014,0.1,814.3684210526316,490.3282585876431,1540,1e-05,0.0,1e-05,1e-05,0.0,1e-05,1000.0,0.0,1000.0,0.0,0.0,0.0,999.9999981916393,0.0,999.999998191639,0.0,0.0,0,0.0008880876892968998,0.00016458188565675135,0.0013729564877642186,0.003039728308954356,0.0007222029321339451,0.004967617741396418,0,0.0,0,0,0.0,0,999.9999981916393,0.0,999.999998191639,0.0,0.0,0,0.0008880876892968998,0.00016458188565675135,0.0013729564877642186,0.003039728308954356,0.0007222029321339451,0.004967617741396418,0,0.0,0,0,0.0,0
0.00014,0.15,846.7647058823529,505.2660845301915,1541,1e-05,0.0,1e-05,1e-05,0.0,1e-05,1000.0,0.0,1000.0,0.0,0.0,0.0,999.9999981916391,0.0,999.999998191639,0.0,0.0,0,0.0007470538879834096,0.00015174682489538357,0.0010673364267088621,0.0026860838263360128,0.0007613529045351787,0.005014068353752651,0,0.0,0,0,0.0,0,999.9999981916391,0.0,999.999998191639,0.0,0.0,0,0.0007470538879834096,0.00015174682489538357,0.0010673364267088621,0.0026860838263360128,0.0007613529045351787,0.005014068353752651,0,0.0,0,0,0.0,0
0.00014,0.2,813.1052631578947,488.82636030222,1542,1e-05,0.0,1e-05,1e-05,0.0,1e-05,1000.0,0.0,1000.0,0.0,0.0,0.0,999.9999981916393,0.0,999.999998191639,0.0,0.0,0,0.0005900090084932152,0.00010467956622338624,0.0007745552019303199,0.0023783912273061185,0.0008153264016815372,0.003969685336957448,0,0.0,0,0,0.0,0,999.9999981916393,0.0,999.999998191639,0.0,0.0,0,0.0005900090084932152,0.00010467956622338624,0.0007745552019303199,0.0023783912273061185,0.0008153264016815372,0.003969685336957448,0,0.0,0,0,0.0,0
0.00014,0.25,840.1666666666666,481.3063412398044,1543,1e-05,0.0,1e-05,1e-05,0.0,1e-05,1000.0,0.0,1000.0,0.0,0.0,0.0,999.9999981916392,0.0,999.999998191639,0.0,0.0,0,0.0005353217677993334,7.018145685424757e-05,0.0006590549471981366,0.0020456438425189593,0.0006255088845755766,0.0037774908644996044,0,0.0,0,0,0.0,0,999.9999981916392,0.0,999.999998191639,0.0,0.0,0,0.0005353217677993334,7.018145685424757e-05,0.0006590549471981366,0.0020456438425189593,0.0006255088845755766,0.0037774908644996044,0,0.0,0,0,0.0,0
0.00014,0.3,812.1052631578947,485.8627943882514,1544,1e-05,0.0,1e-05,1e-05,0.0,1e-05,1000.0,0.0,1000.0,0.0,0.0,0.0,999.9999981916393,0.0,999.999998191639,0.05263157894736842,0.22941573387056177,1,0.0070860817795808,0.028884476420148904,0.126363552095829,0.022173632365296535,0.08998074529593973,0.3937435394606743,0,0.0,0,0,0.0,0,973.4210508903236,115.85494531212807,999.999998191639,0.05263157894736842,0.22941573387056177,1,0.0017394543840694228,0.005579563647339792,0.024777631581112822,0.012319674107658088,0.047029237177974414,0.2065183325655438,0,0.0,0,0,0.0,0
0.00014,0.35,874.7058823529412,485.7509347270835,1573,1e-05,0.0,1e-05,1e-05,0.0,1e-05,1000.0,0.0,1000.0,0.0,0.0,0.0,999.9999981916391,0.0,999.999998191639,0.0,0.0,0,0.0003749590873653313,8.181940608944131e-05,0.0005581399201655127,0.0012854923327573356,0.00028956392712488306,0.0019212021540257634,0,0.0,0,0,0.0,0,999.9999981916391,0.0,999.999998191639,0.0,0.0,0,0.0003749590873653313,8.181940608944131e-05,0.0005581399201655127,0.0012854923327573356,0.00028956392712488306,0.0019212021540257634,0,0.0,0,0,0.0,0
0.00014,0.4,880.6470588235294,493.3353247508826,1619,1e-05,0.0,1e-05,1e-05,0.0,1e-05,1000.0,0.0,1000.0,0.0,0.0,0.0,999.9999981916391,0.0,999.999998191639,0.0,0.0,0,0.00038189082660673105,6.671073882010923e-05,0.0005005476112683151,0.0014572896264014178,0.00032472616453287946,0.001964928847460428,0,0.0,0,0,0.0,0,999.9999981916391,0.0,999.999998191639,0.0,0.0,0,0.00038189082660673105,6.671073882010923e-05,0.0005005476112683151,0.0014572896264014178,0.00032472616453287946,0.001964928847460428,0,0.0,0,0,0.0,0
