K,int_curvature_CF,seed,germ_band_push,noise_scale,dt,t_final,add_MD_bool,add_CF_bool,CF_position,t_CF,path,t_at_final,nb_folds_at_final,avg_depth_at_final,max_depth_at_final,CF_area_of_influence_ref_at_final,CF_area_of_influence_current_at_final,t_at_maxBendEnergy,nb_folds_at_maxBendEnergy,avg_depth_at_maxBendEnergy,max_depth_at_maxBendEnergy,CF_area_of_influence_ref_at_maxBendEnergy,CF_area_of_influence_current_at_maxBendEnergy
0.0001,0.5,0,0.0,1e-05,1e-05,400.0,0.0,1.0,0.37,0.0,K_0.0001_int_curvature_CF_0.5_seed_0_germ_band_push_0.0_noise_scale_1e-05_dt_1e-05_t_final_400.0_add_MD_bool_0.0_add_CF_bool_1.0_CF_position_0.37_t_CF_0.0/,399.9999997064933,1,0.08405858856428405,0.2773275195759425,1.1966818549745715,1.2031729387833314,399.9999997064933,1,0.08405858856428405,0.2773275195759425,1.1966818549745715,1.2031729387833314
0.0001,2.0,1,0.4,1e-05,1e-05,400.0,0.0,1.0,0.37,0.0,K_0.0001_int_curvature_CF_2.0_seed_1_germ_band_push_0.4_noise_scale_1e-05_dt_1e-05_t_final_400.0_add_MD_bool_0.0_add_CF_bool_1.0_CF_position_0.37_t_CF_0.0/,399.9999997064933,2,0.09553984640067709,0.3387720774241621,0.0,0.0,5.9999999999420215,1,0.020861937273020437,0.19653195270735452,0.3682098015306375,0.36755478937426095
0.0001,5.0,2,0.0,1e-05,1e-05,400.0,0.0,1.0,0.37,0.0,K_0.0001_int_curvature_CF_5.0_seed_2_germ_band_push_0.0_noise_scale_1e-05_dt_1e-05_t_final_400.0_add_MD_bool_0.0_add_CF_bool_1.0_CF_position_0.37_t_CF_0.0/,399.9999997064933,2,0.151840610691194,0.35541160301518177,0.0,0.0,216.00000005736183,2,0.15242818782214643,0.3944637032738463,0.0,0.0
0.0001,5.0,3,0.2,1e-05,1e-05,400.0,0.0,1.0,0.37,0.0,K_0.0001_int_curvature_CF_5.0_seed_3_germ_band_push_0.2_noise_scale_1e-05_dt_1e-05_t_final_400.0_add_MD_bool_0.0_add_CF_bool_1.0_CF_position_0.37_t_CF_0.0/,399.9999997064933,2,0.12278060837331158,0.3893837476588073,0.0,0.0,5.9999999999420215,1,0.018053652002767887,0.17398794367589296,0.3451966889349727,0.3478210020181857
0.0001,5.0,4,0.4,1e-05,1e-05,400.0,0.0,1.0,0.37,0.0,K_0.0001_int_curvature_CF_5.0_seed_4_germ_band_push_0.4_noise_scale_1e-05_dt_1e-05_t_final_400.0_add_MD_bool_0.0_add_CF_bool_1.0_CF_position_0.37_t_CF_0.0/,399.9999997064933,2,0.10087881535258664,0.351503707042275,0.0,0.0,5.9999999999420215,1,0.02553044007112183,0.2234781094967789,0.4142360267219672,0.4265195702987102
0.0001,2.0,5,0.2,1e-05,1e-05,400.0,0.0,1.0,0.37,0.0,K_0.0001_int_curvature_CF_2.0_seed_5_germ_band_push_0.2_noise_scale_1e-05_dt_1e-05_t_final_400.0_add_MD_bool_0.0_add_CF_bool_1.0_CF_position_0.37_t_CF_0.0/,399.9999997064933,2,0.11877425503694053,0.3864394916419059,0.0,0.0,11.999999999714875,1,0.02146339355835021,0.18795373939653345,0.3682098015306375,0.3671272128174311
0.0001,7.5,6,0.0,1e-05,1e-05,400.0,0.0,1.0,0.37,0.0,K_0.0001_int_curvature_CF_7.5_seed_6_germ_band_push_0.0_noise_scale_1e-05_dt_1e-05_t_final_400.0_add_MD_bool_0.0_add_CF_bool_1.0_CF_position_0.37_t_CF_0.0/,399.9999997064933,2,0.14652572786287973,0.3444646038620138,0.0,0.0,144.00000003450805,2,0.15151906536637683,0.39420704881638946,0.0,0.0
0.0001,7.5,7,0.2,1e-05,1e-05,400.0,0.0,1.0,0.37,0.0,K_0.0001_int_curvature_CF_7.5_seed_7_germ_band_push_0.2_noise_scale_1e-05_dt_1e-05_t_final_400.0_add_MD_bool_0.0_add_CF_bool_1.0_CF_position_0.37_t_CF_0.0/,399.9999997064933,2,0.12075198737084718,0.3951532233402948,0.0,0.0,5.9999999999420215,1,0.021382263865240336,0.19566547499877904,0.3682098015306375,0.3841901023518114
0.0001,7.5,8,0.4,1e-05,1e-05,400.0,0.0,1.0,0.37,0.0,K_0.0001_int_curvature_CF_7.5_seed_8_germ_band_push_0.4_noise_scale_1e-05_dt_1e-05_t_final_400.0_add_MD_bool_0.0_add_CF_bool_1.0_CF_position_0.37_t_CF_0.0/,399.9999997064933,2,0.10352500403448028,0.3550380337356632,0.0,0.0,5.9999999999420215,1,0.028729585079230947,0.2399135891522735,0.4602622519132969,0.478123046592618
0.0001,2.0,9,0.0,1e-05,1e-05,400.0,0.0,1.0,0.37,0.0,K_0.0001_int_curvature_CF_2.0_seed_9_germ_band_push_0.0_noise_scale_1e-05_dt_1e-05_t_final_400.0_add_MD_bool_0.0_add_CF_bool_1.0_CF_position_0.37_t_CF_0.0/,399.9999997064933,1,0.17308834775440535,0.3937390268955542,2.0251539084185066,2.0885027310382305,389.9999997317409,1,0.1736422172069348,0.3991160096929758,2.0251539084185066,2.084941165562953
0.0001,0.5,10,0.2,1e-05,1e-05,400.0,0.0,1.0,0.37,0.0,K_0.0001_int_curvature_CF_0.5_seed_10_germ_band_push_0.2_noise_scale_1e-05_dt_1e-05_t_final_400.0_add_MD_bool_0.0_add_CF_bool_1.0_CF_position_0.37_t_CF_0.0/,399.9999997064933,1,0.10939487070176904,0.36882896501857343,1.1736687423789067,1.1804357757304258,17.99999999948773,1,0.020366278949537516,0.17889070928595865,0.3682098015306375,0.35853474860220047
0.0001,0.5,11,0.4,1e-05,1e-05,400.0,0.0,1.0,0.37,0.0,K_0.0001_int_curvature_CF_0.5_seed_11_germ_band_push_0.4_noise_scale_1e-05_dt_1e-05_t_final_400.0_add_MD_bool_0.0_add_CF_bool_1.0_CF_position_0.37_t_CF_0.0/,399.9999997064933,1,0.0963585976502454,0.3358065571342949,1.2657211927615657,1.27721078128338,5.9999999999420215,1,0.012676505170329564,0.1475834827699385,0.2761573511479781,0.267214153550889
0.0001,5.0,12,0.2,1e-05,1e-05,400.0,0.0,1.0,0.37,0.0,K_0.0001_int_curvature_CF_5.0_seed_12_germ_band_push_0.2_noise_scale_1e-05_dt_1e-05_t_final_400.0_add_MD_bool_0.0_add_CF_bool_1.0_CF_position_0.37_t_CF_0.0/,399.9999997064933,2,0.12027612057479821,0.3887209075966782,0.0,0.0,5.9999999999420215,1,0.01833360610118581,0.17601000384484355,0.3451966889349727,0.35030609870406143
0.0001,0.5,13,0.2,1e-05,1e-05,400.0,0.0,1.0,0.37,0.0,K_0.0001_int_curvature_CF_0.5_seed_13_germ_band_push_0.2_noise_scale_1e-05_dt_1e-05_t_final_400.0_add_MD_bool_0.0_add_CF_bool_1.0_CF_position_0.37_t_CF_0.0/,399.9999997064933,1,0.10971165536420996,0.37069153997826554,1.2196949675702362,1.2236415168704626,23.999999999260588,1,0.023568575602416306,0.19859340189613317,0.4142360267219672,0.40642868834712575
0.0001,0.5,14,0.0,1e-05,1e-05,400.0,0.0,1.0,0.37,0.0,K_0.0001_int_curvature_CF_0.5_seed_14_germ_band_push_0.0_noise_scale_1e-05_dt_1e-05_t_final_400.0_add_MD_bool_0.0_add_CF_bool_1.0_CF_position_0.37_t_CF_0.0/,399.9999997064933,1,0.08416266107155096,0.273425892560582,1.1966818549745715,1.2047624562564418,359.9999998074836,1,0.07411587924595825,0.24540391707715917,1.1276425171875772,1.12933654470618
0.0001,0.5,15,0.4,1e-05,1e-05,400.0,0.0,1.0,0.37,0.0,K_0.0001_int_curvature_CF_0.5_seed_15_germ_band_push_0.4_noise_scale_1e-05_dt_1e-05_t_final_400.0_add_MD_bool_0.0_add_CF_bool_1.0_CF_position_0.37_t_CF_0.0/,399.9999997064933,1,0.10506465828835694,0.3481415281222481,1.2887343053572313,1.298227266126303,5.9999999999420215,1,0.010936764486003756,0.13499471351483672,0.25314423855231327,0.24076154597737218
0.0001,5.0,16,0.4,1e-05,1e-05,400.0,0.0,1.0,0.37,0.0,K_0.0001_int_curvature_CF_5.0_seed_16_germ_band_push_0.4_noise_scale_1e-05_dt_1e-05_t_final_400.0_add_MD_bool_0.0_add_CF_bool_1.0_CF_position_0.37_t_CF_0.0/,399.9999997064933,2,0.10029376066217469,0.3467212047918999,0.0,0.0,5.9999999999420215,1,0.02515278988874607,0.22153577403843638,0.4142360267219672,0.422217923016397
0.0001,5.0,17,0.0,1e-05,1e-05,400.0,0.0,1.0,0.37,0.0,K_0.0001_int_curvature_CF_5.0_seed_17_germ_band_push_0.0_noise_scale_1e-05_dt_1e-05_t_final_400.0_add_MD_bool_0.0_add_CF_bool_1.0_CF_position_0.37_t_CF_0.0/,399.9999997064933,2,0.15200833489116666,0.35595886968353846,0.0,0.0,228.0000000611708,2,0.15250588302995008,0.39275148780385394,0.0,0.0
0.0001,2.0,18,0.2,1e-05,1e-05,400.0,0.0,1.0,0.37,0.0,K_0.0001_int_curvature_CF_2.0_seed_18_germ_band_push_0.2_noise_scale_1e-05_dt_1e-05_t_final_400.0_add_MD_bool_0.0_add_CF_bool_1.0_CF_position_0.37_t_CF_0.0/,399.9999997064933,2,0.11967174967373669,0.3886438376921276,0.0,0.0,11.999999999714875,1,0.02180828879387916,0.19039781681477888,0.39122291412630233,0.3875608171397136
0.0001,7.5,19,0.0,1e-05,1e-05,400.0,0.0,1.0,0.37,0.0,K_0.0001_int_curvature_CF_7.5_seed_19_germ_band_push_0.0_noise_scale_1e-05_dt_1e-05_t_final_400.0_add_MD_bool_0.0_add_CF_bool_1.0_CF_position_0.37_t_CF_0.0/,399.9999997064933,2,0.14706831699778675,0.34645397107800735,0.0,0.0,144.00000003450805,2,0.15119353840851613,0.39018172955946834,0.0,0.0
0.0001,7.5,20,0.2,1e-05,1e-05,400.0,0.0,1.0,0.37,0.0,K_0.0001_int_curvature_CF_7.5_seed_20_germ_band_push_0.2_noise_scale_1e-05_dt_1e-05_t_final_400.0_add_MD_bool_0.0_add_CF_bool_1.0_CF_position_0.37_t_CF_0.0/,399.9999997064933,2,0.12266751195882651,0.3936333875303547,0.0,0.0,5.9999999999420215,1,0.021127969891091697,0.1949674058574702,0.3682098015306375,0.3832310430351632
0.0001,7.5,21,0.4,1e-05,1e-05,400.0,0.0,1.0,0.37,0.0,K_0.0001_int_curvature_CF_7.5_seed_21_germ_band_push_0.4_noise_scale_1e-05_dt_1e-05_t_final_400.0_add_MD_bool_0.0_add_CF_bool_1.0_CF_position_0.37_t_CF_0.0/,399.9999997064933,2,0.10350427483611094,0.35989827062138974,0.0,0.0,5.9999999999420215,1,0.02859905683112907,0.23891152866162638,0.4602622519132969,0.47326346512740264
0.0001,2.0,22,0.0,1e-05,1e-05,400.0,0.0,1.0,0.37,0.0,K_0.0001_int_curvature_CF_2.0_seed_22_germ_band_push_0.0_noise_scale_1e-05_dt_1e-05_t_final_400.0_add_MD_bool_0.0_add_CF_bool_1.0_CF_position_0.37_t_CF_0.0/,399.9999997064933,1,0.17211732690482948,0.39712124904692553,2.002140795822841,2.0623260612364533,389.9999997317409,1,0.17248448307428366,0.39390139645844274,2.002140795822841,2.060683337016529
0.0001,2.0,23,0.4,1e-05,1e-05,400.0,0.0,1.0,0.37,0.0,K_0.0001_int_curvature_CF_2.0_seed_23_germ_band_push_0.4_noise_scale_1e-05_dt_1e-05_t_final_400.0_add_MD_bool_0.0_add_CF_bool_1.0_CF_position_0.37_t_CF_0.0/,399.9999997064933,2,0.09418985718856002,0.3404701226892856,0.0,0.0,5.9999999999420215,1,0.020864293963621508,0.1965936966323527,0.3682098015306375,0.36763944632272155
0.0001,2.0,24,0.2,1e-05,1e-05,400.0,0.0,1.0,0.37,0.0,K_0.0001_int_curvature_CF_2.0_seed_24_germ_band_push_0.2_noise_scale_1e-05_dt_1e-05_t_final_400.0_add_MD_bool_0.0_add_CF_bool_1.0_CF_position_0.37_t_CF_0.0/,399.9999997064933,2,0.11831728514947916,0.3817814750218171,0.0,0.0,11.999999999714875,1,0.02214979361180873,0.19306172386007775,0.39122291412630233,0.3902581656570742
0.0001,2.0,25,0.4,1e-05,1e-05,400.0,0.0,1.0,0.37,0.0,K_0.0001_int_curvature_CF_2.0_seed_25_germ_band_push_0.4_noise_scale_1e-05_dt_1e-05_t_final_400.0_add_MD_bool_0.0_add_CF_bool_1.0_CF_position_0.37_t_CF_0.0/,399.9999997064933,2,0.09257722286304874,0.33669154150996866,0.0,0.0,5.9999999999420215,1,0.02082322746743526,0.19685322805625474,0.3682098015306375,0.37001528152039165
0.0001,2.0,26,0.0,1e-05,1e-05,400.0,0.0,1.0,0.37,0.0,K_0.0001_int_curvature_CF_2.0_seed_26_germ_band_push_0.0_noise_scale_1e-05_dt_1e-05_t_final_400.0_add_MD_bool_0.0_add_CF_bool_1.0_CF_position_0.37_t_CF_0.0/,399.9999997064933,1,0.1729955268774518,0.39676530332698107,1.9791276832271762,2.038062718977084,395.9999997165924,1,0.1733570567332822,0.397300467238665,2.002140795822841,2.061625808243784
0.0001,7.5,27,0.4,1e-05,1e-05,400.0,0.0,1.0,0.37,0.0,K_0.0001_int_curvature_CF_7.5_seed_27_germ_band_push_0.4_noise_scale_1e-05_dt_1e-05_t_final_400.0_add_MD_bool_0.0_add_CF_bool_1.0_CF_position_0.37_t_CF_0.0/,399.9999997064933,2,0.08899701150706665,0.3379016407393922,0.0,0.0,5.9999999999420215,1,0.02872154569225117,0.24082807119254876,0.4602622519132969,0.47872527320061226
0.0001,5.0,28,0.0,1e-05,1e-05,400.0,0.0,1.0,0.37,0.0,K_0.0001_int_curvature_CF_5.0_seed_28_germ_band_push_0.0_noise_scale_1e-05_dt_1e-05_t_final_400.0_add_MD_bool_0.0_add_CF_bool_1.0_CF_position_0.37_t_CF_0.0/,399.9999997064933,2,0.1518903039041849,0.3522409452883481,0.0,0.0,228.0000000611708,2,0.15551610552455575,0.39098469149443543,0.0,0.0
0.0001,5.0,29,0.2,1e-05,1e-05,400.0,0.0,1.0,0.37,0.0,K_0.0001_int_curvature_CF_5.0_seed_29_germ_band_push_0.2_noise_scale_1e-05_dt_1e-05_t_final_400.0_add_MD_bool_0.0_add_CF_bool_1.0_CF_position_0.37_t_CF_0.0/,399.9999997064933,2,0.12180162267695974,0.38849290302789613,0.0,0.0,5.9999999999420215,1,0.018229814090417244,0.17522196203259044,0.3451966889349727,0.3508721041395288
0.0001,5.0,30,0.4,1e-05,1e-05,400.0,0.0,1.0,0.37,0.0,K_0.0001_int_curvature_CF_5.0_seed_30_germ_band_push_0.4_noise_scale_1e-05_dt_1e-05_t_final_400.0_add_MD_bool_0.0_add_CF_bool_1.0_CF_position_0.37_t_CF_0.0/,399.9999997064933,2,0.10078792305649645,0.35186209151290476,0.0,0.0,5.9999999999420215,1,0.02586833582521745,0.2233129259793477,0.4142360267219672,0.4256533933227245
0.0001,0.5,31,0.0,1e-05,1e-05,400.0,0.0,1.0,0.37,0.0,K_0.0001_int_curvature_CF_0.5_seed_31_germ_band_push_0.0_noise_scale_1e-05_dt_1e-05_t_final_400.0_add_MD_bool_0.0_add_CF_bool_1.0_CF_position_0.37_t_CF_0.0/,399.9999997064933,1,0.07578678337751468,0.25307134322181835,1.1046294045919125,1.1112852621725664,353.9999998226322,1,0.06863286484390863,0.2405327365921886,1.0586031794005826,1.0657343063535183
0.0001,0.5,32,0.2,1e-05,1e-05,400.0,0.0,1.0,0.37,0.0,K_0.0001_int_curvature_CF_0.5_seed_32_germ_band_push_0.2_noise_scale_1e-05_dt_1e-05_t_final_400.0_add_MD_bool_0.0_add_CF_bool_1.0_CF_position_0.37_t_CF_0.0/,399.9999997064933,1,0.11150011975715989,0.37968234193778055,1.2196949675702362,1.2213612922238237,17.99999999948773,1,0.020463038928077566,0.18166096849350638,0.3682098015306375,0.35853514624266775
0.0001,0.5,33,0.4,1e-05,1e-05,400.0,0.0,1.0,0.37,0.0,K_0.0001_int_curvature_CF_0.5_seed_33_germ_band_push_0.4_noise_scale_1e-05_dt_1e-05_t_final_400.0_add_MD_bool_0.0_add_CF_bool_1.0_CF_position_0.37_t_CF_0.0/,399.9999997064933,1,0.08840075591921527,0.3226606030581485,1.2657211927615657,1.2728117893674693,5.9999999999420215,1,0.012098849221212283,0.14440480642711523,0.2761573511479781,0.26484177604911047
0.0001,7.5,34,0.0,1e-05,1e-05,400.0,0.0,1.0,0.37,0.0,K_0.0001_int_curvature_CF_7.5_seed_34_germ_band_push_0.0_noise_scale_1e-05_dt_1e-05_t_final_400.0_add_MD_bool_0.0_add_CF_bool_1.0_CF_position_0.37_t_CF_0.0/,399.9999997064933,2,0.1467379497980614,0.34439766346410144,0.0,0.0,168.00000004212598,2,0.15188679375953473,0.3940864423796063,0.0,0.0
0.0001,7.5,35,0.2,1e-05,1e-05,400.0,0.0,1.0,0.37,0.0,K_0.0001_int_curvature_CF_7.5_seed_35_germ_band_push_0.2_noise_scale_1e-05_dt_1e-05_t_final_400.0_add_MD_bool_0.0_add_CF_bool_1.0_CF_position_0.37_t_CF_0.0/,399.9999997064933,2,0.1218236286327677,0.3930905614068369,0.0,0.0,5.9999999999420215,1,0.021556133115908156,0.195733099276404,0.3682098015306375,0.38318343945926603
0.0001,7.5,36,0.2,1e-05,1e-05,400.0,0.0,1.0,0.37,0.0,K_0.0001_int_curvature_CF_7.5_seed_36_germ_band_push_0.2_noise_scale_1e-05_dt_1e-05_t_final_400.0_add_MD_bool_0.0_add_CF_bool_1.0_CF_position_0.37_t_CF_0.0/,399.9999997064933,2,0.1217531981423811,0.3968585028906497,0.0,0.0,5.9999999999420215,1,0.021327651929661608,0.19604159962860052,0.3682098015306375,0.38367245253488225
0.0001,2.0,37,0.4,1e-05,1e-05,400.0,0.0,1.0,0.37,0.0,K_0.0001_int_curvature_CF_2.0_seed_37_germ_band_push_0.4_noise_scale_1e-05_dt_1e-05_t_final_400.0_add_MD_bool_0.0_add_CF_bool_1.0_CF_position_0.37_t_CF_0.0/,399.9999997064933,2,0.09310265317445347,0.33916021314684697,0.0,0.0,5.9999999999420215,1,0.02158962238148758,0.19950221708665358,0.3682098015306375,0.3701500549561704
0.0001,2.0,38,0.2,1e-05,1e-05,400.0,0.0,1.0,0.37,0.0,K_0.0001_int_curvature_CF_2.0_seed_38_germ_band_push_0.2_noise_scale_1e-05_dt_1e-05_t_final_400.0_add_MD_bool_0.0_add_CF_bool_1.0_CF_position_0.37_t_CF_0.0/,399.9999997064933,2,0.11909318195556735,0.38532240512304183,0.0,0.0,11.999999999714875,1,0.022073946991376374,0.19023781373032603,0.3682098015306375,0.36449600198055065
0.0001,2.0,39,0.0,1e-05,1e-05,400.0,0.0,1.0,0.37,0.0,K_0.0001_int_curvature_CF_2.0_seed_39_germ_band_push_0.0_noise_scale_1e-05_dt_1e-05_t_final_400.0_add_MD_bool_0.0_add_CF_bool_1.0_CF_position_0.37_t_CF_0.0/,399.9999997064933,1,0.17304480060780475,0.3976203311310293,1.9791276832271762,2.0384209382506375,389.9999997317409,1,0.1738909591416803,0.39771063512536575,1.9791276832271762,2.0362404754561183
0.0001,5.0,40,0.2,1e-05,1e-05,400.0,0.0,1.0,0.37,0.0,K_0.0001_int_curvature_CF_5.0_seed_40_germ_band_push_0.2_noise_scale_1e-05_dt_1e-05_t_final_400.0_add_MD_bool_0.0_add_CF_bool_1.0_CF_position_0.37_t_CF_0.0/,399.9999997064933,2,0.1224413667511762,0.38825298267539277,0.0,0.0,5.9999999999420215,1,0.017817821573059736,0.17184273793499574,0.32218357633930783,0.3277098357187639
0.0001,5.0,41,0.4,1e-05,1e-05,400.0,0.0,1.0,0.37,0.0,K_0.0001_int_curvature_CF_5.0_seed_41_germ_band_push_0.4_noise_scale_1e-05_dt_1e-05_t_final_400.0_add_MD_bool_0.0_add_CF_bool_1.0_CF_position_0.37_t_CF_0.0/,399.9999997064933,2,0.10052518804779012,0.35170074276343605,0.0,0.0,5.9999999999420215,1,0.025679451443398046,0.22377504903326673,0.4142360267219672,0.42395833501115543
0.0001,7.5,42,0.0,1e-05,1e-05,400.0,0.0,1.0,0.37,0.0,K_0.0001_int_curvature_CF_7.5_seed_42_germ_band_push_0.0_noise_scale_1e-05_dt_1e-05_t_final_400.0_add_MD_bool_0.0_add_CF_bool_1.0_CF_position_0.37_t_CF_0.0/,399.9999997064933,2,0.14892561326580384,0.3481091445253822,0.0,0.0,156.00000003831698,2,0.15046947232173194,0.3904972485435506,0.0,0.0
0.0001,5.0,43,0.0,1e-05,1e-05,400.0,0.0,1.0,0.37,0.0,K_0.0001_int_curvature_CF_5.0_seed_43_germ_band_push_0.0_noise_scale_1e-05_dt_1e-05_t_final_400.0_add_MD_bool_0.0_add_CF_bool_1.0_CF_position_0.37_t_CF_0.0/,399.9999997064933,2,0.14933224418500696,0.353006213401587,0.0,0.0,216.00000005736183,2,0.15486359885312573,0.3937155159757548,0.0,0.0
0.0001,7.5,44,0.4,1e-05,1e-05,400.0,0.0,1.0,0.37,0.0,K_0.0001_int_curvature_CF_7.5_seed_44_germ_band_push_0.4_noise_scale_1e-05_dt_1e-05_t_final_400.0_add_MD_bool_0.0_add_CF_bool_1.0_CF_position_0.37_t_CF_0.0/,399.9999997064933,2,0.10216420042826352,0.3620439690081574,0.0,0.0,5.9999999999420215,1,0.028130971207811335,0.23815874553891464,0.43724913931763204,0.4565497653889115
0.0001,0.5,45,0.0,1e-05,1e-05,400.0,0.0,1.0,0.37,0.0,K_0.0001_int_curvature_CF_0.5_seed_45_germ_band_push_0.0_noise_scale_1e-05_dt_1e-05_t_final_400.0_add_MD_bool_0.0_add_CF_bool_1.0_CF_position_0.37_t_CF_0.0/,399.9999997064933,1,0.0761441655185019,0.25701071743316917,1.150655629783242,1.1563464623662747,365.99999979233513,1,0.06914952833633502,0.242753158794657,1.0355900668049178,1.0439078772331953
0.0001,0.5,46,0.2,1e-05,1e-05,400.0,0.0,1.0,0.37,0.0,K_0.0001_int_curvature_CF_0.5_seed_46_germ_band_push_0.2_noise_scale_1e-05_dt_1e-05_t_final_400.0_add_MD_bool_0.0_add_CF_bool_1.0_CF_position_0.37_t_CF_0.0/,399.9999997064933,1,0.1092257925350524,0.3761259113020079,1.1966818549745715,1.20514811870306,17.99999999948773,1,0.017768792478285892,0.16584255788339325,0.3451966889349727,0.33523698848253247
0.0001,0.5,47,0.4,1e-05,1e-05,400.0,0.0,1.0,0.37,0.0,K_0.0001_int_curvature_CF_0.5_seed_47_germ_band_push_0.4_noise_scale_1e-05_dt_1e-05_t_final_400.0_add_MD_bool_0.0_add_CF_bool_1.0_CF_position_0.37_t_CF_0.0/,399.9999997064933,2,0.12405124924776453,0.3449552775355413,1.1736687423789067,1.1758483488989295,17.99999999948773,2,0.046831960810610224,0.2578946922611379,0.5293015897002914,0.5333524144548192
0.0001,5.0,48,0.4,1e-05,1e-05,400.0,0.0,1.0,0.37,0.0,K_0.0001_int_curvature_CF_5.0_seed_48_germ_band_push_0.4_noise_scale_1e-05_dt_1e-05_t_final_400.0_add_MD_bool_0.0_add_CF_bool_1.0_CF_position_0.37_t_CF_0.0/,399.9999997064933,2,0.10281222575458297,0.3575286117884994,0.0,0.0,5.9999999999420215,1,0.025717988698636726,0.22356110717858726,0.4142360267219672,0.4257748609137893
0.0001,5.0,49,0.2,1e-05,1e-05,400.0,0.0,1.0,0.37,0.0,K_0.0001_int_curvature_CF_5.0_seed_49_germ_band_push_0.2_noise_scale_1e-05_dt_1e-05_t_final_400.0_add_MD_bool_0.0_add_CF_bool_1.0_CF_position_0.37_t_CF_0.0/,399.9999997064933,2,0.12176447944728935,0.3944070480856079,0.0,0.0,5.9999999999420215,1,0.017778032761203523,0.17239349695823583,0.32218357633930783,0.32706889136120404
0.0001,2.0,50,0.4,1e-05,1e-05,400.0,0.0,1.0,0.37,0.0,K_0.0001_int_curvature_CF_2.0_seed_50_germ_band_push_0.4_noise_scale_1e-05_dt_1e-05_t_final_400.0_add_MD_bool_0.0_add_CF_bool_1.0_CF_position_0.37_t_CF_0.0/,399.9999997064933,2,0.0904865999567522,0.33806949486755383,0.0,0.0,5.9999999999420215,1,0.020902781825683166,0.1965557426688257,0.3682098015306375,0.36996602491842234
0.0001,2.0,51,0.0,1e-05,1e-05,400.0,0.0,1.0,0.37,0.0,K_0.0001_int_curvature_CF_2.0_seed_51_germ_band_push_0.0_noise_scale_1e-05_dt_1e-05_t_final_400.0_add_MD_bool_0.0_add_CF_bool_1.0_CF_position_0.37_t_CF_0.0/,399.9999997064933,1,0.17412635917227479,0.39208731373305,1.9791276832271762,2.038037704191171,399.9999997064933,1,0.17412635917227479,0.39208731373305,1.9791276832271762,2.038037704191171
0.0001,5.0,52,0.0,1e-05,1e-05,400.0,0.0,1.0,0.37,0.0,K_0.0001_int_curvature_CF_5.0_seed_52_germ_band_push_0.0_noise_scale_1e-05_dt_1e-05_t_final_400.0_add_MD_bool_0.0_add_CF_bool_1.0_CF_position_0.37_t_CF_0.0/,399.9999997064933,2,0.15137213763247875,0.3528271818949868,0.0,0.0,216.00000005736183,2,0.15338843293559154,0.3891028279385825,0.0,0.0
0.0001,7.5,53,0.4,1e-05,1e-05,400.0,0.0,1.0,0.37,0.0,K_0.0001_int_curvature_CF_7.5_seed_53_germ_band_push_0.4_noise_scale_1e-05_dt_1e-05_t_final_400.0_add_MD_bool_0.0_add_CF_bool_1.0_CF_position_0.37_t_CF_0.0/,399.9999997064933,2,0.09535114372809686,0.351499090119381,0.0,0.0,5.9999999999420215,1,0.028613766031426388,0.2392957783772833,0.4602622519132969,0.4771008171119785
0.0001,7.5,54,0.2,1e-05,1e-05,400.0,0.0,1.0,0.37,0.0,K_0.0001_int_curvature_CF_7.5_seed_54_germ_band_push_0.2_noise_scale_1e-05_dt_1e-05_t_final_400.0_add_MD_bool_0.0_add_CF_bool_1.0_CF_position_0.37_t_CF_0.0/,399.9999997064933,2,0.12069462374941496,0.38880939471559933,0.0,0.0,5.9999999999420215,1,0.021542024602301053,0.195988393587197,0.3682098015306375,0.3839004618743832
0.0001,7.5,55,0.0,1e-05,1e-05,400.0,0.0,1.0,0.37,0.0,K_0.0001_int_curvature_CF_7.5_seed_55_germ_band_push_0.0_noise_scale_1e-05_dt_1e-05_t_final_400.0_add_MD_bool_0.0_add_CF_bool_1.0_CF_position_0.37_t_CF_0.0/,399.9999997064933,2,0.14718889602202462,0.34009411205629503,0.0,0.0,150.00000003641253,2,0.1502815404645422,0.3950931575124373,0.0,0.0
0.0001,2.0,56,0.2,1e-05,1e-05,400.0,0.0,1.0,0.37,0.0,K_0.0001_int_curvature_CF_2.0_seed_56_germ_band_push_0.2_noise_scale_1e-05_dt_1e-05_t_final_400.0_add_MD_bool_0.0_add_CF_bool_1.0_CF_position_0.37_t_CF_0.0/,399.9999997064933,2,0.11822472188455192,0.3885801518157545,0.0,0.0,11.999999999714875,1,0.021902883927792115,0.1910264083867606,0.3682098015306375,0.3651400362811052
0.0001,0.5,57,0.2,1e-05,1e-05,400.0,0.0,1.0,0.37,0.0,K_0.0001_int_curvature_CF_0.5_seed_57_germ_band_push_0.2_noise_scale_1e-05_dt_1e-05_t_final_400.0_add_MD_bool_0.0_add_CF_bool_1.0_CF_position_0.37_t_CF_0.0/,399.9999997064933,1,0.11087847990123802,0.37447022286497106,1.2196949675702362,1.2238804209784913,17.99999999948773,1,0.019251934876499854,0.1771650720887966,0.3451966889349727,0.33922489521765065
0.0001,0.5,58,0.4,1e-05,1e-05,400.0,0.0,1.0,0.37,0.0,K_0.0001_int_curvature_CF_0.5_seed_58_germ_band_push_0.4_noise_scale_1e-05_dt_1e-05_t_final_400.0_add_MD_bool_0.0_add_CF_bool_1.0_CF_position_0.37_t_CF_0.0/,399.9999997064933,2,0.09741758189173959,0.3287341591368385,1.242708080165901,1.2456818828419272,23.999999999260588,2,0.05174588631324911,0.28861089317007993,0.598340927487286,0.6037839300107253
0.0001,0.5,59,0.0,1e-05,1e-05,400.0,0.0,1.0,0.37,0.0,K_0.0001_int_curvature_CF_0.5_seed_59_germ_band_push_0.0_noise_scale_1e-05_dt_1e-05_t_final_400.0_add_MD_bool_0.0_add_CF_bool_1.0_CF_position_0.37_t_CF_0.0/,399.9999997064933,1,0.08233214656396333,0.26985993073519116,1.150655629783242,1.1573149707346317,389.9999997317409,1,0.0809844980425293,0.26670451132924505,1.1736687423789067,1.178582709483044
0.0001,0.5,60,0.4,1e-05,1e-05,400.0,0.0,1.0,0.37,0.0,K_0.0001_int_curvature_CF_0.5_seed_60_germ_band_push_0.4_noise_scale_1e-05_dt_1e-05_t_final_400.0_add_MD_bool_0.0_add_CF_bool_1.0_CF_position_0.37_t_CF_0.0/,399.9999997064933,1,0.10704775508740409,0.3474498906083025,1.2887343053572313,1.2980604591212785,5.9999999999420215,1,0.012042762205248157,0.1435803717992464,0.25314423855231327,0.24425484260437588
0.0001,2.0,61,0.0,1e-05,1e-05,400.0,0.0,1.0,0.37,0.0,K_0.0001_int_curvature_CF_2.0_seed_61_germ_band_push_0.0_noise_scale_1e-05_dt_1e-05_t_final_400.0_add_MD_bool_0.0_add_CF_bool_1.0_CF_position_0.37_t_CF_0.0/,399.9999997064933,1,0.17474906803764834,0.39596608167176556,1.9791276832271762,2.0355068028306165,399.9999997064933,1,0.17474906803764834,0.39596608167176556,1.9791276832271762,2.0355068028306165
0.0001,0.5,62,0.0,1e-05,1e-05,400.0,0.0,1.0,0.37,0.0,K_0.0001_int_curvature_CF_0.5_seed_62_germ_band_push_0.0_noise_scale_1e-05_dt_1e-05_t_final_400.0_add_MD_bool_0.0_add_CF_bool_1.0_CF_position_0.37_t_CF_0.0/,399.9999997064933,1,0.07408370815516026,0.2519330941038644,1.1046294045919125,1.1130288165501487,282.0000000044147,1,0.05270982464930933,0.20176509302547563,0.9435376164222585,0.9472696562657774
0.0001,2.0,63,0.2,1e-05,1e-05,400.0,0.0,1.0,0.37,0.0,K_0.0001_int_curvature_CF_2.0_seed_63_germ_band_push_0.2_noise_scale_1e-05_dt_1e-05_t_final_400.0_add_MD_bool_0.0_add_CF_bool_1.0_CF_position_0.37_t_CF_0.0/,399.9999997064933,2,0.11898690891891298,0.3841384969075396,0.0,0.0,11.999999999714875,1,0.022212341579982843,0.19123760193574688,0.3682098015306375,0.36644316498483953
0.0001,5.0,64,0.2,1e-05,1e-05,400.0,0.0,1.0,0.37,0.0,K_0.0001_int_curvature_CF_5.0_seed_64_germ_band_push_0.2_noise_scale_1e-05_dt_1e-05_t_final_400.0_add_MD_bool_0.0_add_CF_bool_1.0_CF_position_0.37_t_CF_0.0/,399.9999997064933,2,0.12074606381958519,0.38866120750237165,0.0,0.0,5.9999999999420215,1,0.017773097362350575,0.17358587792510227,0.32218357633930783,0.3272961906047746
0.0001,5.0,65,0.0,1e-05,1e-05,400.0,0.0,1.0,0.37,0.0,K_0.0001_int_curvature_CF_5.0_seed_65_germ_band_push_0.0_noise_scale_1e-05_dt_1e-05_t_final_400.0_add_MD_bool_0.0_add_CF_bool_1.0_CF_position_0.37_t_CF_0.0/,399.9999997064933,2,0.14975947199267955,0.3492940155549675,0.0,0.0,234.0000000630753,2,0.1548632148397308,0.39194592120961647,0.0,0.0
0.0001,7.5,66,0.4,1e-05,1e-05,400.0,0.0,1.0,0.37,0.0,K_0.0001_int_curvature_CF_7.5_seed_66_germ_band_push_0.4_noise_scale_1e-05_dt_1e-05_t_final_400.0_add_MD_bool_0.0_add_CF_bool_1.0_CF_position_0.37_t_CF_0.0/,399.9999997064933,2,0.10415210315638589,0.35925792806458184,0.0,0.0,5.9999999999420215,1,0.02912349512642595,0.2423854013949149,0.4602622519132969,0.4782018198990811
0.0001,7.5,67,0.2,1e-05,1e-05,400.0,0.0,1.0,0.37,0.0,K_0.0001_int_curvature_CF_7.5_seed_67_germ_band_push_0.2_noise_scale_1e-05_dt_1e-05_t_final_400.0_add_MD_bool_0.0_add_CF_bool_1.0_CF_position_0.37_t_CF_0.0/,399.9999997064933,2,0.12322557751142528,0.3923517354403535,0.0,0.0,5.9999999999420215,1,0.021179258045589885,0.19454540344545926,0.3682098015306375,0.3822430534700182
0.0001,7.5,68,0.0,1e-05,1e-05,400.0,0.0,1.0,0.37,0.0,K_0.0001_int_curvature_CF_7.5_seed_68_germ_band_push_0.0_noise_scale_1e-05_dt_1e-05_t_final_400.0_add_MD_bool_0.0_add_CF_bool_1.0_CF_position_0.37_t_CF_0.0/,399.9999997064933,2,0.14726641427669215,0.33936971978122454,0.0,0.0,162.0000000402215,2,0.14999486234883064,0.3890618085492883,0.0,0.0
0.0001,0.5,69,0.2,1e-05,1e-05,400.0,0.0,1.0,0.37,0.0,K_0.0001_int_curvature_CF_0.5_seed_69_germ_band_push_0.2_noise_scale_1e-05_dt_1e-05_t_final_400.0_add_MD_bool_0.0_add_CF_bool_1.0_CF_position_0.37_t_CF_0.0/,399.9999997064933,1,0.1093845227220408,0.36870884146120364,1.1966818549745715,1.1990618110808489,23.999999999260588,1,0.024602033509237425,0.20111818316287533,0.4142360267219672,0.4057747436494882
0.0001,5.0,70,0.4,1e-05,1e-05,400.0,0.0,1.0,0.37,0.0,K_0.0001_int_curvature_CF_5.0_seed_70_germ_band_push_0.4_noise_scale_1e-05_dt_1e-05_t_final_400.0_add_MD_bool_0.0_add_CF_bool_1.0_CF_position_0.37_t_CF_0.0/,399.9999997064933,2,0.10098186751106758,0.3488869103258526,0.0,0.0,5.9999999999420215,1,0.025871365624238488,0.22230461119151246,0.4142360267219672,0.42241299812246835
0.0001,2.0,71,0.4,1e-05,1e-05,400.0,0.0,1.0,0.37,0.0,K_0.0001_int_curvature_CF_2.0_seed_71_germ_band_push_0.4_noise_scale_1e-05_dt_1e-05_t_final_400.0_add_MD_bool_0.0_add_CF_bool_1.0_CF_position_0.37_t_CF_0.0/,399.9999997064933,2,0.09217425844531396,0.3349484431118292,0.0,0.0,5.9999999999420215,1,0.020362717769795945,0.19328495727460554,0.3682098015306375,0.36671819586189525
0.0001,5.0,72,0.0,1e-05,1e-05,400.0,0.0,1.0,0.37,0.0,K_0.0001_int_curvature_CF_5.0_seed_72_germ_band_push_0.0_noise_scale_1e-05_dt_1e-05_t_final_400.0_add_MD_bool_0.0_add_CF_bool_1.0_CF_position_0.37_t_CF_0.0/,399.9999997064933,2,0.1518572498702446,0.35925627426840007,0.0,0.0,234.0000000630753,2,0.15174623849711433,0.387441861741003,0.0,0.0
0.0001,5.0,73,0.2,1e-05,1e-05,400.0,0.0,1.0,0.37,0.0,K_0.0001_int_curvature_CF_5.0_seed_73_germ_band_push_0.2_noise_scale_1e-05_dt_1e-05_t_final_400.0_add_MD_bool_0.0_add_CF_bool_1.0_CF_position_0.37_t_CF_0.0/,399.9999997064933,2,0.1214213932019828,0.3913841174513189,0.0,0.0,5.9999999999420215,1,0.01759659103177229,0.17170299859616744,0.32218357633930783,0.3275569818820383
0.0001,5.0,74,0.4,1e-05,1e-05,400.0,0.0,1.0,0.37,0.0,K_0.0001_int_curvature_CF_5.0_seed_74_germ_band_push_0.4_noise_scale_1e-05_dt_1e-05_t_final_400.0_add_MD_bool_0.0_add_CF_bool_1.0_CF_position_0.37_t_CF_0.0/,399.9999997064933,2,0.10227736809706782,0.3539872134678663,0.0,0.0,5.9999999999420215,1,0.025413253187205047,0.22256301375636175,0.4142360267219672,0.4226515522001433
0.0001,2.0,75,0.4,1e-05,1e-05,400.0,0.0,1.0,0.37,0.0,K_0.0001_int_curvature_CF_2.0_seed_75_germ_band_push_0.4_noise_scale_1e-05_dt_1e-05_t_final_400.0_add_MD_bool_0.0_add_CF_bool_1.0_CF_position_0.37_t_CF_0.0/,399.9999997064933,2,0.09449627985691542,0.3434423114250333,0.0,0.0,5.9999999999420215,1,0.020438600705928976,0.1940564406385604,0.3682098015306375,0.37064652569852996
0.0001,0.5,76,0.0,1e-05,1e-05,400.0,0.0,1.0,0.37,0.0,K_0.0001_int_curvature_CF_0.5_seed_76_germ_band_push_0.0_noise_scale_1e-05_dt_1e-05_t_final_400.0_add_MD_bool_0.0_add_CF_bool_1.0_CF_position_0.37_t_CF_0.0/,399.9999997064933,1,0.08662484058379535,0.2736678268400289,1.2657211927615657,1.2697956003207826,371.99999977718653,1,0.08153293409565196,0.26448069436682053,1.1966818549745715,1.2019460473665555
0.0001,2.0,77,0.0,1e-05,1e-05,400.0,0.0,1.0,0.37,0.0,K_0.0001_int_curvature_CF_2.0_seed_77_germ_band_push_0.0_noise_scale_1e-05_dt_1e-05_t_final_400.0_add_MD_bool_0.0_add_CF_bool_1.0_CF_position_0.37_t_CF_0.0/,399.9999997064933,1,0.17204724462748616,0.39623374017884005,2.002140795822841,2.0641241675997555,389.9999997317409,1,0.1721608423410312,0.39503249786307104,2.002140795822841,2.065328863573575
0.0001,2.0,78,0.2,1e-05,1e-05,400.0,0.0,1.0,0.37,0.0,K_0.0001_int_curvature_CF_2.0_seed_78_germ_band_push_0.2_noise_scale_1e-05_dt_1e-05_t_final_400.0_add_MD_bool_0.0_add_CF_bool_1.0_CF_position_0.37_t_CF_0.0/,399.9999997064933,2,0.11809900205787831,0.39068659504858283,0.0,0.0,11.999999999714875,1,0.02172385353263952,0.1892983690598007,0.3682098015306375,0.3653866508068281
0.0001,7.5,79,0.4,1e-05,1e-05,400.0,0.0,1.0,0.37,0.0,K_0.0001_int_curvature_CF_7.5_seed_79_germ_band_push_0.4_noise_scale_1e-05_dt_1e-05_t_final_400.0_add_MD_bool_0.0_add_CF_bool_1.0_CF_position_0.37_t_CF_0.0/,399.9999997064933,2,0.10534372429530625,0.361353399568431,0.0,0.0,5.9999999999420215,1,0.028738698204056903,0.24168164773989867,0.43724913931763204,0.45540705143638155
0.0001,0.5,80,0.4,1e-05,1e-05,400.0,0.0,1.0,0.37,0.0,K_0.0001_int_curvature_CF_0.5_seed_80_germ_band_push_0.4_noise_scale_1e-05_dt_1e-05_t_final_400.0_add_MD_bool_0.0_add_CF_bool_1.0_CF_position_0.37_t_CF_0.0/,399.9999997064933,1,0.09126027924293396,0.3293229860506484,1.2887343053572313,1.2917522513168542,11.999999999714875,1,0.024597954002193553,0.21261361856860897,0.4142360267219672,0.4144860043611801
0.0001,7.5,81,0.2,1e-05,1e-05,400.0,0.0,1.0,0.37,0.0,K_0.0001_int_curvature_CF_7.5_seed_81_germ_band_push_0.2_noise_scale_1e-05_dt_1e-05_t_final_400.0_add_MD_bool_0.0_add_CF_bool_1.0_CF_position_0.37_t_CF_0.0/,399.9999997064933,2,0.12218676202745066,0.3963992438605569,0.0,0.0,5.9999999999420215,1,0.021327197041830278,0.19460631066630268,0.3682098015306375,0.38285985167491093
0.0001,0.5,82,0.2,1e-05,1e-05,400.0,0.0,1.0,0.37,0.0,K_0.0001_int_curvature_CF_0.5_seed_82_germ_band_push_0.2_noise_scale_1e-05_dt_1e-05_t_final_400.0_add_MD_bool_0.0_add_CF_bool_1.0_CF_position_0.37_t_CF_0.0/,399.9999997064933,1,0.10994637790669173,0.3770776270604654,1.1966818549745715,1.1992245843311011,17.99999999948773,1,0.02008172748810205,0.18139109912096815,0.3682098015306375,0.3602699278952075
0.0001,7.5,83,0.0,1e-05,1e-05,400.0,0.0,1.0,0.37,0.0,K_0.0001_int_curvature_CF_7.5_seed_83_germ_band_push_0.0_noise_scale_1e-05_dt_1e-05_t_final_400.0_add_MD_bool_0.0_add_CF_bool_1.0_CF_position_0.37_t_CF_0.0/,399.9999997064933,2,0.1463832148669659,0.34821300569910413,0.0,0.0,144.00000003450805,2,0.15227997359119552,0.3976704691424572,0.0,0.0
0.0001,7.5,84,0.2,1e-05,1e-05,400.0,0.0,1.0,0.37,0.0,K_0.0001_int_curvature_CF_7.5_seed_84_germ_band_push_0.2_noise_scale_1e-05_dt_1e-05_t_final_400.0_add_MD_bool_0.0_add_CF_bool_1.0_CF_position_0.37_t_CF_0.0/,399.9999997064933,2,0.11834331131034802,0.39094448440769863,0.0,0.0,5.9999999999420215,1,0.021016059742739648,0.19328738609017707,0.3682098015306375,0.3828098581441187
0.0001,7.5,85,0.4,1e-05,1e-05,400.0,0.0,1.0,0.37,0.0,K_0.0001_int_curvature_CF_7.5_seed_85_germ_band_push_0.4_noise_scale_1e-05_dt_1e-05_t_final_400.0_add_MD_bool_0.0_add_CF_bool_1.0_CF_position_0.37_t_CF_0.0/,399.9999997064933,2,0.10432066721798507,0.35522072476092714,0.0,0.0,5.9999999999420215,1,0.02955575812471285,0.24168000577046256,0.4602622519132969,0.4777111252205493
0.0001,5.0,86,0.4,1e-05,1e-05,400.0,0.0,1.0,0.37,0.0,K_0.0001_int_curvature_CF_5.0_seed_86_germ_band_push_0.4_noise_scale_1e-05_dt_1e-05_t_final_400.0_add_MD_bool_0.0_add_CF_bool_1.0_CF_position_0.37_t_CF_0.0/,399.9999997064933,2,0.09923485122182395,0.3508177917247487,0.0,0.0,5.9999999999420215,1,0.026009007616902443,0.22451415044610296,0.4142360267219672,0.4231882346975401
0.0001,0.5,87,0.0,1e-05,1e-05,400.0,0.0,1.0,0.37,0.0,K_0.0001_int_curvature_CF_0.5_seed_87_germ_band_push_0.0_noise_scale_1e-05_dt_1e-05_t_final_400.0_add_MD_bool_0.0_add_CF_bool_1.0_CF_position_0.37_t_CF_0.0/,399.9999997064933,1,0.07946231418848163,0.26154915203737034,1.1276425171875772,1.133668955579315,299.99999995896906,1,0.0639210590141103,0.22625004789662087,1.012576954209253,1.0170797377343395
0.0001,5.0,88,0.2,1e-05,1e-05,400.0,0.0,1.0,0.37,0.0,K_0.0001_int_curvature_CF_5.0_seed_88_germ_band_push_0.2_noise_scale_1e-05_dt_1e-05_t_final_400.0_add_MD_bool_0.0_add_CF_bool_1.0_CF_position_0.37_t_CF_0.0/,399.9999997064933,2,0.12164554410937228,0.39188434788350546,0.0,0.0,5.9999999999420215,1,0.017746949855385375,0.1709165359751971,0.32218357633930783,0.3267955828047934
0.0001,0.5,89,0.4,1e-05,1e-05,400.0,0.0,1.0,0.37,0.0,K_0.0001_int_curvature_CF_0.5_seed_89_germ_band_push_0.4_noise_scale_1e-05_dt_1e-05_t_final_400.0_add_MD_bool_0.0_add_CF_bool_1.0_CF_position_0.37_t_CF_0.0/,399.9999997064933,1,0.09603674000289769,0.33342181406176596,1.311747417952896,1.3151325691250637,5.9999999999420215,1,0.01215909408095839,0.1435504462646787,0.2761573511479781,0.2658275216116607
0.0001,0.5,90,0.2,1e-05,1e-05,400.0,0.0,1.0,0.37,0.0,K_0.0001_int_curvature_CF_0.5_seed_90_germ_band_push_0.2_noise_scale_1e-05_dt_1e-05_t_final_400.0_add_MD_bool_0.0_add_CF_bool_1.0_CF_position_0.37_t_CF_0.0/,399.9999997064933,1,0.1098364081121467,0.37410776489263625,1.1966818549745715,1.1958916864076996,23.999999999260588,1,0.026032275596415282,0.2076766206120343,0.4142360267219672,0.40790669083227893
0.0001,2.0,91,0.4,1e-05,1e-05,400.0,0.0,1.0,0.37,0.0,K_0.0001_int_curvature_CF_2.0_seed_91_germ_band_push_0.4_noise_scale_1e-05_dt_1e-05_t_final_400.0_add_MD_bool_0.0_add_CF_bool_1.0_CF_position_0.37_t_CF_0.0/,399.9999997064933,2,0.09404890522445213,0.3349153584394362,0.0,0.0,5.9999999999420215,1,0.020531471234743606,0.19350256251952255,0.3682098015306375,0.3682992060141199
0.0001,2.0,92,0.2,1e-05,1e-05,400.0,0.0,1.0,0.37,0.0,K_0.0001_int_curvature_CF_2.0_seed_92_germ_band_push_0.2_noise_scale_1e-05_dt_1e-05_t_final_400.0_add_MD_bool_0.0_add_CF_bool_1.0_CF_position_0.37_t_CF_0.0/,399.9999997064933,2,0.11901322581764008,0.39088867047771697,0.0,0.0,11.999999999714875,1,0.022409041729533542,0.19112430941736355,0.3682098015306375,0.36741600247091843
0.0001,2.0,93,0.0,1e-05,1e-05,400.0,0.0,1.0,0.37,0.0,K_0.0001_int_curvature_CF_2.0_seed_93_germ_band_push_0.0_noise_scale_1e-05_dt_1e-05_t_final_400.0_add_MD_bool_0.0_add_CF_bool_1.0_CF_position_0.37_t_CF_0.0/,399.9999997064933,1,0.17388137208231355,0.39141541720865414,2.002140795822841,2.063549514297915,389.9999997317409,1,0.17440621429391598,0.3969868981444051,2.002140795822841,2.0580108785901237
0.0001,7.5,94,0.0,1e-05,1e-05,400.0,0.0,1.0,0.37,0.0,K_0.0001_int_curvature_CF_7.5_seed_94_germ_band_push_0.0_noise_scale_1e-05_dt_1e-05_t_final_400.0_add_MD_bool_0.0_add_CF_bool_1.0_CF_position_0.37_t_CF_0.0/,399.9999997064933,2,0.14762252363181036,0.3491421921158899,0.0,0.0,144.00000003450805,2,0.15042676826497556,0.39039917195376317,0.0,0.0
0.0001,5.0,95,0.0,1e-05,1e-05,400.0,0.0,1.0,0.37,0.0,K_0.0001_int_curvature_CF_5.0_seed_95_germ_band_push_0.0_noise_scale_1e-05_dt_1e-05_t_final_400.0_add_MD_bool_0.0_add_CF_bool_1.0_CF_position_0.37_t_CF_0.0/,399.9999997064933,2,0.1526815682356777,0.3624340356486905,0.0,0.0,234.0000000630753,2,0.15305293499453487,0.3873017237550826,0.0,0.0
0.0001,7.5,96,0.0,1e-05,1e-05,400.0,0.0,1.0,0.37,0.0,K_0.0001_int_curvature_CF_7.5_seed_96_germ_band_push_0.0_noise_scale_1e-05_dt_1e-05_t_final_400.0_add_MD_bool_0.0_add_CF_bool_1.0_CF_position_0.37_t_CF_0.0/,399.9999997064933,2,0.14659063401541897,0.34186029310895,0.0,0.0,162.0000000402215,2,0.15085728900550602,0.39177093468124813,0.0,0.0
0.0001,0.5,97,0.4,1e-05,1e-05,400.0,0.0,1.0,0.37,0.0,K_0.0001_int_curvature_CF_0.5_seed_97_germ_band_push_0.4_noise_scale_1e-05_dt_1e-05_t_final_400.0_add_MD_bool_0.0_add_CF_bool_1.0_CF_position_0.37_t_CF_0.0/,399.9999997064933,1,0.10157183797098489,0.34365269418476235,1.2887343053572313,1.2959741460824719,5.9999999999420215,1,0.013136434441744173,0.1509895674689373,0.2761573511479781,0.2687230958746379
0.0001,0.5,98,0.2,1e-05,1e-05,400.0,0.0,1.0,0.37,0.0,K_0.0001_int_curvature_CF_0.5_seed_98_germ_band_push_0.2_noise_scale_1e-05_dt_1e-05_t_final_400.0_add_MD_bool_0.0_add_CF_bool_1.0_CF_position_0.37_t_CF_0.0/,399.9999997064933,1,0.11008435564295466,0.373897776777036,1.1966818549745715,1.2025944010586178,17.99999999948773,1,0.02012671384599812,0.17804315570259518,0.3682098015306375,0.35811960506395724
0.0001,0.5,99,0.0,1e-05,1e-05,400.0,0.0,1.0,0.37,0.0,K_0.0001_int_curvature_CF_0.5_seed_99_germ_band_push_0.0_noise_scale_1e-05_dt_1e-05_t_final_400.0_add_MD_bool_0.0_add_CF_bool_1.0_CF_position_0.37_t_CF_0.0/,399.9999997064933,1,0.07467019154665633,0.2503738789132872,1.1276425171875772,1.134952119067287,389.9999997317409,1,0.07515133885086663,0.2515875662773811,1.150655629783242,1.1547414286902942
0.0001,7.5,100,0.4,1e-05,1e-05,400.0,0.0,1.0,0.37,0.0,K_0.0001_int_curvature_CF_7.5_seed_100_germ_band_push_0.4_noise_scale_1e-05_dt_1e-05_t_final_400.0_add_MD_bool_0.0_add_CF_bool_1.0_CF_position_0.37_t_CF_0.0/,399.9999997064933,2,0.09950767071031053,0.34708447638830076,0.0,0.0,5.9999999999420215,1,0.028772890923233038,0.24116703962940203,0.4602622519132969,0.4786401098619118
0.0001,5.0,101,0.0,1e-05,1e-05,400.0,0.0,1.0,0.37,0.0,K_0.0001_int_curvature_CF_5.0_seed_101_germ_band_push_0.0_noise_scale_1e-05_dt_1e-05_t_final_400.0_add_MD_bool_0.0_add_CF_bool_1.0_CF_position_0.37_t_CF_0.0/,399.9999997064933,2,0.1513561274005134,0.36090081450462985,0.0,0.0,234.0000000630753,2,0.1541049223273812,0.3922105762364682,0.0,0.0
0.0001,7.5,102,0.2,1e-05,1e-05,400.0,0.0,1.0,0.37,0.0,K_0.0001_int_curvature_CF_7.5_seed_102_germ_band_push_0.2_noise_scale_1e-05_dt_1e-05_t_final_400.0_add_MD_bool_0.0_add_CF_bool_1.0_CF_position_0.37_t_CF_0.0/,399.9999997064933,2,0.12090535761284307,0.3909117465871543,0.0,0.0,5.9999999999420215,1,0.021261577733203273,0.19498161426811328,0.3682098015306375,0.38222538647515053
0.0001,5.0,103,0.4,1e-05,1e-05,400.0,0.0,1.0,0.37,0.0,K_0.0001_int_curvature_CF_5.0_seed_103_germ_band_push_0.4_noise_scale_1e-05_dt_1e-05_t_final_400.0_add_MD_bool_0.0_add_CF_bool_1.0_CF_position_0.37_t_CF_0.0/,399.9999997064933,2,0.10438189870994556,0.35389474035351326,0.0,0.0,5.9999999999420215,1,0.025681944714386114,0.22321235957957541,0.4142360267219672,0.42553391816112623
0.0001,2.0,104,0.0,1e-05,1e-05,400.0,0.0,1.0,0.37,0.0,K_0.0001_int_curvature_CF_2.0_seed_104_germ_band_push_0.0_noise_scale_1e-05_dt_1e-05_t_final_400.0_add_MD_bool_0.0_add_CF_bool_1.0_CF_position_0.37_t_CF_0.0/,399.9999997064933,1,0.1743434736179428,0.3944940234887829,1.9791276832271762,2.0372868826291537,399.9999997064933,1,0.1743434736179428,0.3944940234887829,1.9791276832271762,2.0372868826291537
0.0001,2.0,105,0.2,1e-05,1e-05,400.0,0.0,1.0,0.37,0.0,K_0.0001_int_curvature_CF_2.0_seed_105_germ_band_push_0.2_noise_scale_1e-05_dt_1e-05_t_final_400.0_add_MD_bool_0.0_add_CF_bool_1.0_CF_position_0.37_t_CF_0.0/,399.9999997064933,2,0.11727708496735037,0.3912660307198703,0.0,0.0,11.999999999714875,1,0.021935552091524927,0.19262726650333592,0.39122291412630233,0.38841410612858596
0.0001,2.0,106,0.4,1e-05,1e-05,400.0,0.0,1.0,0.37,0.0,K_0.0001_int_curvature_CF_2.0_seed_106_germ_band_push_0.4_noise_scale_1e-05_dt_1e-05_t_final_400.0_add_MD_bool_0.0_add_CF_bool_1.0_CF_position_0.37_t_CF_0.0/,399.9999997064933,2,0.0987499930332446,0.3426208711659837,0.0,0.0,5.9999999999420215,1,0.020529822461744156,0.195033529101839,0.3682098015306375,0.370138438932101
0.0001,5.0,107,0.2,1e-05,1e-05,400.0,0.0,1.0,0.37,0.0,K_0.0001_int_curvature_CF_5.0_seed_107_germ_band_push_0.2_noise_scale_1e-05_dt_1e-05_t_final_400.0_add_MD_bool_0.0_add_CF_bool_1.0_CF_position_0.37_t_CF_0.0/,399.9999997064933,2,0.12304315291723399,0.39532330865629345,0.0,0.0,5.9999999999420215,1,0.01714296819660646,0.17014440865708208,0.32218357633930783,0.3284850803667555
0.0001,2.0,108,0.0,1e-05,1e-05,400.0,0.0,1.0,0.37,0.0,K_0.0001_int_curvature_CF_2.0_seed_108_germ_band_push_0.0_noise_scale_1e-05_dt_1e-05_t_final_400.0_add_MD_bool_0.0_add_CF_bool_1.0_CF_position_0.37_t_CF_0.0/,399.9999997064933,1,0.1746898300424774,0.3956324894848626,1.9791276832271762,2.03906470419038,389.9999997317409,1,0.1733355715624584,0.39678201743310565,1.9791276832271762,2.0389890501435035
0.0001,2.0,109,0.2,1e-05,1e-05,400.0,0.0,1.0,0.37,0.0,K_0.0001_int_curvature_CF_2.0_seed_109_germ_band_push_0.2_noise_scale_1e-05_dt_1e-05_t_final_400.0_add_MD_bool_0.0_add_CF_bool_1.0_CF_position_0.37_t_CF_0.0/,399.9999997064933,2,0.11803854402889467,0.38902074374426077,0.0,0.0,11.999999999714875,1,0.021390349998861927,0.19041254255969414,0.3682098015306375,0.3678496516942297
0.0001,0.5,110,0.0,1e-05,1e-05,400.0,0.0,1.0,0.37,0.0,K_0.0001_int_curvature_CF_0.5_seed_110_germ_band_push_0.0_noise_scale_1e-05_dt_1e-05_t_final_400.0_add_MD_bool_0.0_add_CF_bool_1.0_CF_position_0.37_t_CF_0.0/,399.9999997064933,1,0.07668368178344462,0.25750315690921993,1.1276425171875772,1.134740250732718,399.9999997064933,1,0.07668368178344462,0.25750315690921993,1.1276425171875772,1.134740250732718
0.0001,0.5,111,0.2,1e-05,1e-05,400.0,0.0,1.0,0.37,0.0,K_0.0001_int_curvature_CF_0.5_seed_111_germ_band_push_0.2_noise_scale_1e-05_dt_1e-05_t_final_400.0_add_MD_bool_0.0_add_CF_bool_1.0_CF_position_0.37_t_CF_0.0/,399.9999997064933,1,0.10903464455666084,0.36848179182474966,1.1736687423789067,1.1771711793314688,23.999999999260588,1,0.025781173643008592,0.20803355966693982,0.4142360267219672,0.4077783372653322
0.0001,0.5,112,0.4,1e-05,1e-05,400.0,0.0,1.0,0.37,0.0,K_0.0001_int_curvature_CF_0.5_seed_112_germ_band_push_0.4_noise_scale_1e-05_dt_1e-05_t_final_400.0_add_MD_bool_0.0_add_CF_bool_1.0_CF_position_0.37_t_CF_0.0/,399.9999997064933,1,0.09642182252386933,0.3363096176079204,1.311747417952896,1.3200188556257122,5.9999999999420215,1,0.01121649599392978,0.1391413188496321,0.25314423855231327,0.24369870042217615
0.0001,7.5,113,0.0,1e-05,1e-05,400.0,0.0,1.0,0.37,0.0,K_0.0001_int_curvature_CF_7.5_seed_113_germ_band_push_0.0_noise_scale_1e-05_dt_1e-05_t_final_400.0_add_MD_bool_0.0_add_CF_bool_1.0_CF_position_0.37_t_CF_0.0/,399.9999997064933,2,0.14963890224147686,0.34756439350889573,0.0,0.0,150.00000003641253,2,0.151163570422109,0.3936636180493574,0.0,0.0
0.0001,7.5,114,0.2,1e-05,1e-05,400.0,0.0,1.0,0.37,0.0,K_0.0001_int_curvature_CF_7.5_seed_114_germ_band_push_0.2_noise_scale_1e-05_dt_1e-05_t_final_400.0_add_MD_bool_0.0_add_CF_bool_1.0_CF_position_0.37_t_CF_0.0/,399.9999997064933,2,0.11897038967802555,0.38863601952698956,0.0,0.0,5.9999999999420215,1,0.021266759903179763,0.1951381110221511,0.3682098015306375,0.38337169963367657
0.0001,2.0,115,0.4,1e-05,1e-05,400.0,0.0,1.0,0.37,0.0,K_0.0001_int_curvature_CF_2.0_seed_115_germ_band_push_0.4_noise_scale_1e-05_dt_1e-05_t_final_400.0_add_MD_bool_0.0_add_CF_bool_1.0_CF_position_0.37_t_CF_0.0/,399.9999997064933,2,0.09376552280694156,0.33934039087201007,0.0,0.0,5.9999999999420215,1,0.02058638027007653,0.19555740497380272,0.3682098015306375,0.36937285998394437
0.0001,7.5,116,0.4,1e-05,1e-05,400.0,0.0,1.0,0.37,0.0,K_0.0001_int_curvature_CF_7.5_seed_116_germ_band_push_0.4_noise_scale_1e-05_dt_1e-05_t_final_400.0_add_MD_bool_0.0_add_CF_bool_1.0_CF_position_0.37_t_CF_0.0/,399.9999997064933,2,0.10235727961381304,0.36012548354628526,0.0,0.0,5.9999999999420215,1,0.028836434887510056,0.2418557818811938,0.43724913931763204,0.4566496904584659
0.0001,5.0,117,0.0,1e-05,1e-05,400.0,0.0,1.0,0.37,0.0,K_0.0001_int_curvature_CF_5.0_seed_117_germ_band_push_0.0_noise_scale_1e-05_dt_1e-05_t_final_400.0_add_MD_bool_0.0_add_CF_bool_1.0_CF_position_0.37_t_CF_0.0/,399.9999997064933,2,0.15130437630036078,0.35882048689659396,0.0,0.0,228.0000000611708,2,0.15478089707000417,0.39308199520919546,0.0,0.0
0.0001,5.0,118,0.2,1e-05,1e-05,400.0,0.0,1.0,0.37,0.0,K_0.0001_int_curvature_CF_5.0_seed_118_germ_band_push_0.2_noise_scale_1e-05_dt_1e-05_t_final_400.0_add_MD_bool_0.0_add_CF_bool_1.0_CF_position_0.37_t_CF_0.0/,399.9999997064933,2,0.12311430242322148,0.3918031119951819,0.0,0.0,5.9999999999420215,1,0.017503130914727535,0.16939209379534031,0.32218357633930783,0.32536910893687826
0.0001,5.0,119,0.4,1e-05,1e-05,400.0,0.0,1.0,0.37,0.0,K_0.0001_int_curvature_CF_5.0_seed_119_germ_band_push_0.4_noise_scale_1e-05_dt_1e-05_t_final_400.0_add_MD_bool_0.0_add_CF_bool_1.0_CF_position_0.37_t_CF_0.0/,399.9999997064933,2,0.09937134485686736,0.3507261403303873,0.0,0.0,5.9999999999420215,1,0.025460040390244864,0.22151062472421476,0.4142360267219672,0.4231321981716222
0.0001,0.5,120,0.4,1e-05,1e-05,400.0,0.0,1.0,0.37,0.0,K_0.0001_int_curvature_CF_0.5_seed_120_germ_band_push_0.4_noise_scale_1e-05_dt_1e-05_t_final_400.0_add_MD_bool_0.0_add_CF_bool_1.0_CF_position_0.37_t_CF_0.0/,399.9999997064933,1,0.09160839265880544,0.32829022505958827,1.2887343053572313,1.2974395870096627,5.9999999999420215,1,0.011421878578675748,0.14011683497265484,0.25314423855231327,0.24272511048431727
0.0001,5.0,121,0.4,1e-05,1e-05,400.0,0.0,1.0,0.37,0.0,K_0.0001_int_curvature_CF_5.0_seed_121_germ_band_push_0.4_noise_scale_1e-05_dt_1e-05_t_final_400.0_add_MD_bool_0.0_add_CF_bool_1.0_CF_position_0.37_t_CF_0.0/,399.9999997064933,2,0.10188343318908295,0.34989798859114357,0.0,0.0,5.9999999999420215,1,0.02526231850589974,0.22096268462178525,0.4142360267219672,0.42293172593187967
0.0001,0.5,122,0.2,1e-05,1e-05,400.0,0.0,1.0,0.37,0.0,K_0.0001_int_curvature_CF_0.5_seed_122_germ_band_push_0.2_noise_scale_1e-05_dt_1e-05_t_final_400.0_add_MD_bool_0.0_add_CF_bool_1.0_CF_position_0.37_t_CF_0.0/,399.9999997064933,1,0.109925930957402,0.3780035265971482,1.1736687423789067,1.1732014749129682,23.999999999260588,1,0.02621345149081467,0.2100382904138805,0.43724913931763204,0.4297282011306884
0.0001,5.0,123,0.0,1e-05,1e-05,400.0,0.0,1.0,0.37,0.0,K_0.0001_int_curvature_CF_5.0_seed_123_germ_band_push_0.0_noise_scale_1e-05_dt_1e-05_t_final_400.0_add_MD_bool_0.0_add_CF_bool_1.0_CF_position_0.37_t_CF_0.0/,399.9999997064933,2,0.14800451846454918,0.35370616479667744,0.0,0.0,234.0000000630753,2,0.1522618204819843,0.390198784059485,0.0,0.0
0.0001,7.5,124,0.4,1e-05,1e-05,400.0,0.0,1.0,0.37,0.0,K_0.0001_int_curvature_CF_7.5_seed_124_germ_band_push_0.4_noise_scale_1e-05_dt_1e-05_t_final_400.0_add_MD_bool_0.0_add_CF_bool_1.0_CF_position_0.37_t_CF_0.0/,399.9999997064933,2,0.10264459768853104,0.35864848629172674,0.0,0.0,5.9999999999420215,1,0.028519361708150743,0.2391218524720094,0.43724913931763204,0.4531037674277144
0.0001,7.5,125,0.2,1e-05,1e-05,400.0,0.0,1.0,0.37,0.0,K_0.0001_int_curvature_CF_7.5_seed_125_germ_band_push_0.2_noise_scale_1e-05_dt_1e-05_t_final_400.0_add_MD_bool_0.0_add_CF_bool_1.0_CF_position_0.37_t_CF_0.0/,399.9999997064933,2,0.12175808379480149,0.3887554286492524,0.0,0.0,5.9999999999420215,1,0.021601170281191736,0.19537901582663533,0.3682098015306375,0.3814127993759051
0.0001,0.5,126,0.0,1e-05,1e-05,400.0,0.0,1.0,0.37,0.0,K_0.0001_int_curvature_CF_0.5_seed_126_germ_band_push_0.0_noise_scale_1e-05_dt_1e-05_t_final_400.0_add_MD_bool_0.0_add_CF_bool_1.0_CF_position_0.37_t_CF_0.0/,399.9999997064933,1,0.0781827616226451,0.25896798953854366,1.1046294045919125,1.1099619508523464,399.9999997064933,1,0.0781827616226451,0.25896798953854366,1.1046294045919125,1.1099619508523464
0.0001,2.0,127,0.0,1e-05,1e-05,400.0,0.0,1.0,0.37,0.0,K_0.0001_int_curvature_CF_2.0_seed_127_germ_band_push_0.0_noise_scale_1e-05_dt_1e-05_t_final_400.0_add_MD_bool_0.0_add_CF_bool_1.0_CF_position_0.37_t_CF_0.0/,399.9999997064933,1,0.17239988723622784,0.39187143157837956,2.002140795822841,2.06321618075179,399.9999997064933,1,0.17239988723622784,0.39187143157837956,2.002140795822841,2.06321618075179
0.0001,7.5,128,0.0,1e-05,1e-05,400.0,0.0,1.0,0.37,0.0,K_0.0001_int_curvature_CF_7.5_seed_128_germ_band_push_0.0_noise_scale_1e-05_dt_1e-05_t_final_400.0_add_MD_bool_0.0_add_CF_bool_1.0_CF_position_0.37_t_CF_0.0/,399.9999997064933,2,0.14737085435857764,0.3449389193445815,0.0,0.0,150.00000003641253,2,0.15057976471306114,0.3937352484350582,0.0,0.0
0.0001,2.0,129,0.4,1e-05,1e-05,400.0,0.0,1.0,0.37,0.0,K_0.0001_int_curvature_CF_2.0_seed_129_germ_band_push_0.4_noise_scale_1e-05_dt_1e-05_t_final_400.0_add_MD_bool_0.0_add_CF_bool_1.0_CF_position_0.37_t_CF_0.0/,399.9999997064933,2,0.09629726501147641,0.34192927599134454,0.0,0.0,5.9999999999420215,1,0.020031959143846215,0.1925739644742143,0.3682098015306375,0.36847830367152345
0.0001,5.0,130,0.2,1e-05,1e-05,400.0,0.0,1.0,0.37,0.0,K_0.0001_int_curvature_CF_5.0_seed_130_germ_band_push_0.2_noise_scale_1e-05_dt_1e-05_t_final_400.0_add_MD_bool_0.0_add_CF_bool_1.0_CF_position_0.37_t_CF_0.0/,399.9999997064933,2,0.1200155091035871,0.3943050891957163,0.0,0.0,5.9999999999420215,1,0.017840756620480222,0.17052120221263153,0.32218357633930783,0.3273356463260422
0.0001,2.0,131,0.2,1e-05,1e-05,400.0,0.0,1.0,0.37,0.0,K_0.0001_int_curvature_CF_2.0_seed_131_germ_band_push_0.2_noise_scale_1e-05_dt_1e-05_t_final_400.0_add_MD_bool_0.0_add_CF_bool_1.0_CF_position_0.37_t_CF_0.0/,399.9999997064933,2,0.12193215543612046,0.38068270919321123,0.0,0.0,11.999999999714875,1,0.02171412591669984,0.19030200581702028,0.3682098015306375,0.3670335741854449
0.0001,5.0,132,0.0,1e-05,1e-05,400.0,0.0,1.0,0.37,0.0,K_0.0001_int_curvature_CF_5.0_seed_132_germ_band_push_0.0_noise_scale_1e-05_dt_1e-05_t_final_400.0_add_MD_bool_0.0_add_CF_bool_1.0_CF_position_0.37_t_CF_0.0/,399.9999997064933,2,0.1513299858422495,0.35475950758772945,0.0,0.0,210.0000000554573,2,0.15504633840043064,0.39107556761693146,0.0,0.0
0.0001,5.0,133,0.2,1e-05,1e-05,400.0,0.0,1.0,0.37,0.0,K_0.0001_int_curvature_CF_5.0_seed_133_germ_band_push_0.2_noise_scale_1e-05_dt_1e-05_t_final_400.0_add_MD_bool_0.0_add_CF_bool_1.0_CF_position_0.37_t_CF_0.0/,399.9999997064933,2,0.1207008808406555,0.38638059570873556,0.0,0.0,5.9999999999420215,1,0.01769590034808247,0.1724663509602103,0.32218357633930783,0.32758262885500306
0.0001,5.0,134,0.4,1e-05,1e-05,400.0,0.0,1.0,0.37,0.0,K_0.0001_int_curvature_CF_5.0_seed_134_germ_band_push_0.4_noise_scale_1e-05_dt_1e-05_t_final_400.0_add_MD_bool_0.0_add_CF_bool_1.0_CF_position_0.37_t_CF_0.0/,399.9999997064933,2,0.10194262087676288,0.35491561510270925,0.0,0.0,5.9999999999420215,1,0.0256516875842099,0.22287548536535293,0.4142360267219672,0.4243431271300455
0.0001,2.0,135,0.4,1e-05,1e-05,400.0,0.0,1.0,0.37,0.0,K_0.0001_int_curvature_CF_2.0_seed_135_germ_band_push_0.4_noise_scale_1e-05_dt_1e-05_t_final_400.0_add_MD_bool_0.0_add_CF_bool_1.0_CF_position_0.37_t_CF_0.0/,399.9999997064933,2,0.09296207223748974,0.34121877420155006,0.0,0.0,5.9999999999420215,1,0.0209257608475438,0.1962849293234441,0.3682098015306375,0.3698069005336255
0.0001,2.0,136,0.0,1e-05,1e-05,400.0,0.0,1.0,0.37,0.0,K_0.0001_int_curvature_CF_2.0_seed_136_germ_band_push_0.0_noise_scale_1e-05_dt_1e-05_t_final_400.0_add_MD_bool_0.0_add_CF_bool_1.0_CF_position_0.37_t_CF_0.0/,399.9999997064933,1,0.17307003031853496,0.3937589024129387,1.9561145706315115,2.0159268393316245,399.9999997064933,1,0.17307003031853496,0.3937589024129387,1.9561145706315115,2.0159268393316245
0.0001,7.5,137,0.0,1e-05,1e-05,400.0,0.0,1.0,0.37,0.0,K_0.0001_int_curvature_CF_7.5_seed_137_germ_band_push_0.0_noise_scale_1e-05_dt_1e-05_t_final_400.0_add_MD_bool_0.0_add_CF_bool_1.0_CF_position_0.37_t_CF_0.0/,399.9999997064933,2,0.14858192706459689,0.344729060381202,0.0,0.0,156.00000003831698,2,0.15019289395928598,0.38821577224450216,0.0,0.0
0.0001,7.5,138,0.2,1e-05,1e-05,400.0,0.0,1.0,0.37,0.0,K_0.0001_int_curvature_CF_7.5_seed_138_germ_band_push_0.2_noise_scale_1e-05_dt_1e-05_t_final_400.0_add_MD_bool_0.0_add_CF_bool_1.0_CF_position_0.37_t_CF_0.0/,399.9999997064933,2,0.12061650992345223,0.39543543489055183,0.0,0.0,5.9999999999420215,1,0.0215349413459609,0.1969186973113138,0.3682098015306375,0.38336800199324916
0.0001,0.5,139,0.4,1e-05,1e-05,400.0,0.0,1.0,0.37,0.0,K_0.0001_int_curvature_CF_0.5_seed_139_germ_band_push_0.4_noise_scale_1e-05_dt_1e-05_t_final_400.0_add_MD_bool_0.0_add_CF_bool_1.0_CF_position_0.37_t_CF_0.0/,399.9999997064933,1,0.09266930720751071,0.3332797333980953,1.2887343053572313,1.294909623100053,5.9999999999420215,1,0.01282166200221868,0.1503648521203903,0.2761573511479781,0.26828768041863144
0.0001,7.5,140,0.4,1e-05,1e-05,400.0,0.0,1.0,0.37,0.0,K_0.0001_int_curvature_CF_7.5_seed_140_germ_band_push_0.4_noise_scale_1e-05_dt_1e-05_t_final_400.0_add_MD_bool_0.0_add_CF_bool_1.0_CF_position_0.37_t_CF_0.0/,399.9999997064933,2,0.1022503780669859,0.36023381802214094,0.0,0.0,5.9999999999420215,1,0.02870412186727373,0.23929378096931492,0.4602622519132969,0.474079694063106
0.0001,0.5,141,0.2,1e-05,1e-05,400.0,0.0,1.0,0.37,0.0,K_0.0001_int_curvature_CF_0.5_seed_141_germ_band_push_0.2_noise_scale_1e-05_dt_1e-05_t_final_400.0_add_MD_bool_0.0_add_CF_bool_1.0_CF_position_0.37_t_CF_0.0/,399.9999997064933,1,0.11021361474024777,0.3690046654583814,1.2196949675702362,1.223251425085844,23.999999999260588,1,0.027154714914442272,0.21388300551596157,0.43724913931763204,0.4324717963831734
0.0001,0.5,142,0.0,1e-05,1e-05,400.0,0.0,1.0,0.37,0.0,K_0.0001_int_curvature_CF_0.5_seed_142_germ_band_push_0.0_noise_scale_1e-05_dt_1e-05_t_final_400.0_add_MD_bool_0.0_add_CF_bool_1.0_CF_position_0.37_t_CF_0.0/,399.9999997064933,1,0.08420346031348291,0.26816330005999833,1.1736687423789067,1.1771729604304995,399.9999997064933,1,0.08420346031348291,0.26816330005999833,1.1736687423789067,1.1771729604304995
0.0001,2.0,143,0.2,1e-05,1e-05,400.0,0.0,1.0,0.37,0.0,K_0.0001_int_curvature_CF_2.0_seed_143_germ_band_push_0.2_noise_scale_1e-05_dt_1e-05_t_final_400.0_add_MD_bool_0.0_add_CF_bool_1.0_CF_position_0.37_t_CF_0.0/,399.9999997064933,2,0.11857973074619829,0.38855666011923806,0.0,0.0,11.999999999714875,1,0.021430385705597715,0.18865084360153883,0.3682098015306375,0.36407315205544943
0.0001,0.5,144,0.4,1e-05,1e-05,400.0,0.0,1.0,0.37,0.0,K_0.0001_int_curvature_CF_0.5_seed_144_germ_band_push_0.4_noise_scale_1e-05_dt_1e-05_t_final_400.0_add_MD_bool_0.0_add_CF_bool_1.0_CF_position_0.37_t_CF_0.0/,399.9999997064933,2,0.08874256682824201,0.32267581130679557,0.0,0.0,5.9999999999420215,1,0.011977077790096057,0.14367986197507726,0.25314423855231327,0.24438069289563483
0.0001,5.0,145,0.4,1e-05,1e-05,400.0,0.0,1.0,0.37,0.0,K_0.0001_int_curvature_CF_5.0_seed_145_germ_band_push_0.4_noise_scale_1e-05_dt_1e-05_t_final_400.0_add_MD_bool_0.0_add_CF_bool_1.0_CF_position_0.37_t_CF_0.0/,399.9999997064933,2,0.10191831144428329,0.3574080702050237,0.0,0.0,5.9999999999420215,1,0.024998901145571573,0.22030493136097562,0.4142360267219672,0.42428668302856265
0.0001,5.0,146,0.2,1e-05,1e-05,400.0,0.0,1.0,0.37,0.0,K_0.0001_int_curvature_CF_5.0_seed_146_germ_band_push_0.2_noise_scale_1e-05_dt_1e-05_t_final_400.0_add_MD_bool_0.0_add_CF_bool_1.0_CF_position_0.37_t_CF_0.0/,399.9999997064933,2,0.12321218721738088,0.387399161441337,0.0,0.0,5.9999999999420215,1,0.017355097917721565,0.17207420877755278,0.32218357633930783,0.32836246002326075
0.0001,5.0,147,0.0,1e-05,1e-05,400.0,0.0,1.0,0.37,0.0,K_0.0001_int_curvature_CF_5.0_seed_147_germ_band_push_0.0_noise_scale_1e-05_dt_1e-05_t_final_400.0_add_MD_bool_0.0_add_CF_bool_1.0_CF_position_0.37_t_CF_0.0/,399.9999997064933,2,0.1511727224759596,0.35182344695538703,0.0,0.0,210.0000000554573,2,0.1576621701439747,0.3946723800440123,0.0,0.0
0.0001,0.5,148,0.0,1e-05,1e-05,400.0,0.0,1.0,0.37,0.0,K_0.0001_int_curvature_CF_0.5_seed_148_germ_band_push_0.0_noise_scale_1e-05_dt_1e-05_t_final_400.0_add_MD_bool_0.0_add_CF_bool_1.0_CF_position_0.37_t_CF_0.0/,399.9999997064933,1,0.07547159677759416,0.2454001579758857,1.1046294045919125,1.1061020681966742,347.9999998377807,1,0.06842358189707916,0.24377673725384105,1.0586031794005826,1.067618407709488
0.0001,2.0,149,0.0,1e-05,1e-05,400.0,0.0,1.0,0.37,0.0,K_0.0001_int_curvature_CF_2.0_seed_149_germ_band_push_0.0_noise_scale_1e-05_dt_1e-05_t_final_400.0_add_MD_bool_0.0_add_CF_bool_1.0_CF_position_0.37_t_CF_0.0/,399.9999997064933,1,0.17017575409667238,0.3944198382350886,2.002140795822841,2.072676647153176,395.9999997165924,1,0.1711410875345067,0.3931033816724119,2.0251539084185066,2.0883781259028047
0.0001,0.5,150,0.2,1e-05,1e-05,400.0,0.0,1.0,0.37,0.0,K_0.0001_int_curvature_CF_0.5_seed_150_germ_band_push_0.2_noise_scale_1e-05_dt_1e-05_t_final_400.0_add_MD_bool_0.0_add_CF_bool_1.0_CF_position_0.37_t_CF_0.0/,399.9999997064933,1,0.10928802437951761,0.37812941813111545,1.1966818549745715,1.1993759478161605,17.99999999948773,1,0.01972312412711236,0.177477043115533,0.3682098015306375,0.35971681620501933
0.0001,2.0,151,0.4,1e-05,1e-05,400.0,0.0,1.0,0.37,0.0,K_0.0001_int_curvature_CF_2.0_seed_151_germ_band_push_0.4_noise_scale_1e-05_dt_1e-05_t_final_400.0_add_MD_bool_0.0_add_CF_bool_1.0_CF_position_0.37_t_CF_0.0/,399.9999997064933,2,0.08501819747605362,0.33092574731940455,0.0,0.0,5.9999999999420215,1,0.0208978722557114,0.19770178603179012,0.3682098015306375,0.3666230068749975
0.0001,7.5,152,0.0,1e-05,1e-05,400.0,0.0,1.0,0.37,0.0,K_0.0001_int_curvature_CF_7.5_seed_152_germ_band_push_0.0_noise_scale_1e-05_dt_1e-05_t_final_400.0_add_MD_bool_0.0_add_CF_bool_1.0_CF_position_0.37_t_CF_0.0/,399.9999997064933,2,0.14700207789657305,0.3490693554135482,0.0,0.0,150.00000003641253,2,0.15198526552443256,0.3934703546744816,0.0,0.0
0.0001,7.5,153,0.2,1e-05,1e-05,400.0,0.0,1.0,0.37,0.0,K_0.0001_int_curvature_CF_7.5_seed_153_germ_band_push_0.2_noise_scale_1e-05_dt_1e-05_t_final_400.0_add_MD_bool_0.0_add_CF_bool_1.0_CF_position_0.37_t_CF_0.0/,399.9999997064933,2,0.11987225909254491,0.39605624331813477,0.0,0.0,5.9999999999420215,1,0.02130550922934185,0.19426087534030118,0.3682098015306375,0.38048482264495986
0.0001,7.5,154,0.4,1e-05,1e-05,400.0,0.0,1.0,0.37,0.0,K_0.0001_int_curvature_CF_7.5_seed_154_germ_band_push_0.4_noise_scale_1e-05_dt_1e-05_t_final_400.0_add_MD_bool_0.0_add_CF_bool_1.0_CF_position_0.37_t_CF_0.0/,399.9999997064933,2,0.10302471416144149,0.3546713151990384,0.0,0.0,5.9999999999420215,1,0.02869462144997115,0.2400263752426549,0.43724913931763204,0.45573893136753335
0.0001,2.0,155,0.2,1e-05,1e-05,400.0,0.0,1.0,0.37,0.0,K_0.0001_int_curvature_CF_2.0_seed_155_germ_band_push_0.2_noise_scale_1e-05_dt_1e-05_t_final_400.0_add_MD_bool_0.0_add_CF_bool_1.0_CF_position_0.37_t_CF_0.0/,399.9999997064933,2,0.11989136953116848,0.38664611888299105,0.0,0.0,11.999999999714875,1,0.021085521708298475,0.18723951352845639,0.3682098015306375,0.36688441063280497
0.0001,7.5,156,0.2,1e-05,1e-05,400.0,0.0,1.0,0.37,0.0,K_0.0001_int_curvature_CF_7.5_seed_156_germ_band_push_0.2_noise_scale_1e-05_dt_1e-05_t_final_400.0_add_MD_bool_0.0_add_CF_bool_1.0_CF_position_0.37_t_CF_0.0/,399.9999997064933,2,0.12234822313482917,0.38969522413845803,0.0,0.0,5.9999999999420215,1,0.020921485409275676,0.19286108155222856,0.3682098015306375,0.38165496063326776
0.0001,0.5,157,0.0,1e-05,1e-05,400.0,0.0,1.0,0.37,0.0,K_0.0001_int_curvature_CF_0.5_seed_157_germ_band_push_0.0_noise_scale_1e-05_dt_1e-05_t_final_400.0_add_MD_bool_0.0_add_CF_bool_1.0_CF_position_0.37_t_CF_0.0/,399.9999997064933,1,0.08264350101105139,0.2773364119241713,1.1736687423789067,1.1848626166094134,389.9999997317409,1,0.08132065764876736,0.2689361418610483,1.1736687423789067,1.1812585200826908
0.0001,0.5,158,0.2,1e-05,1e-05,400.0,0.0,1.0,0.37,0.0,K_0.0001_int_curvature_CF_0.5_seed_158_germ_band_push_0.2_noise_scale_1e-05_dt_1e-05_t_final_400.0_add_MD_bool_0.0_add_CF_bool_1.0_CF_position_0.37_t_CF_0.0/,399.9999997064933,1,0.10967599312179749,0.3746780273898984,1.1966818549745715,1.1985050050805384,23.999999999260588,1,0.024470451884898433,0.20237520719050464,0.4142360267219672,0.40627882595297726
0.0001,0.5,159,0.4,1e-05,1e-05,400.0,0.0,1.0,0.37,0.0,K_0.0001_int_curvature_CF_0.5_seed_159_germ_band_push_0.4_noise_scale_1e-05_dt_1e-05_t_final_400.0_add_MD_bool_0.0_add_CF_bool_1.0_CF_position_0.37_t_CF_0.0/,399.9999997064933,2,0.0886708195244376,0.3307915082717131,0.0,0.0,5.9999999999420215,1,0.010836500123104909,0.13464656293026353,0.25314423855231327,0.23942291295093224
0.0001,5.0,160,0.4,1e-05,1e-05,400.0,0.0,1.0,0.37,0.0,K_0.0001_int_curvature_CF_5.0_seed_160_germ_band_push_0.4_noise_scale_1e-05_dt_1e-05_t_final_400.0_add_MD_bool_0.0_add_CF_bool_1.0_CF_position_0.37_t_CF_0.0/,399.9999997064933,2,0.10295489134596685,0.35168573352177573,0.0,0.0,5.9999999999420215,1,0.02547907830793745,0.2225333843925554,0.4142360267219672,0.4247199069645588
0.0001,5.0,161,0.2,1e-05,1e-05,400.0,0.0,1.0,0.37,0.0,K_0.0001_int_curvature_CF_5.0_seed_161_germ_band_push_0.2_noise_scale_1e-05_dt_1e-05_t_final_400.0_add_MD_bool_0.0_add_CF_bool_1.0_CF_position_0.37_t_CF_0.0/,399.9999997064933,2,0.12035045970671046,0.39041116713620816,0.0,0.0,5.9999999999420215,1,0.0172490749110767,0.17127461062898683,0.32218357633930783,0.32776038083114795
0.0001,7.5,162,0.0,1e-05,1e-05,400.0,0.0,1.0,0.37,0.0,K_0.0001_int_curvature_CF_7.5_seed_162_germ_band_push_0.0_noise_scale_1e-05_dt_1e-05_t_final_400.0_add_MD_bool_0.0_add_CF_bool_1.0_CF_position_0.37_t_CF_0.0/,399.9999997064933,2,0.14795986323422058,0.34566793977417254,0.0,0.0,162.0000000402215,2,0.1510742248107599,0.38783110050934366,0.0,0.0
0.0001,2.0,163,0.4,1e-05,1e-05,400.0,0.0,1.0,0.37,0.0,K_0.0001_int_curvature_CF_2.0_seed_163_germ_band_push_0.4_noise_scale_1e-05_dt_1e-05_t_final_400.0_add_MD_bool_0.0_add_CF_bool_1.0_CF_position_0.37_t_CF_0.0/,399.9999997064933,2,0.09230642846874731,0.33438608955348814,0.0,0.0,5.9999999999420215,1,0.02098827118509788,0.19665215803472616,0.3682098015306375,0.3688562052457724
0.0001,2.0,164,0.2,1e-05,1e-05,400.0,0.0,1.0,0.37,0.0,K_0.0001_int_curvature_CF_2.0_seed_164_germ_band_push_0.2_noise_scale_1e-05_dt_1e-05_t_final_400.0_add_MD_bool_0.0_add_CF_bool_1.0_CF_position_0.37_t_CF_0.0/,399.9999997064933,2,0.1189235960442244,0.3900170335626359,0.0,0.0,11.999999999714875,1,0.02103911109244286,0.18679956765080524,0.3682098015306375,0.3653670194180595
0.0001,2.0,165,0.0,1e-05,1e-05,400.0,0.0,1.0,0.37,0.0,K_0.0001_int_curvature_CF_2.0_seed_165_germ_band_push_0.0_noise_scale_1e-05_dt_1e-05_t_final_400.0_add_MD_bool_0.0_add_CF_bool_1.0_CF_position_0.37_t_CF_0.0/,399.9999997064933,1,0.17326885773676426,0.3952329863871909,2.0251539084185066,2.0820837830522754,395.9999997165924,1,0.1737170031595893,0.3931040088236796,2.002140795822841,2.0592283420395785
0.0001,7.5,166,0.4,1e-05,1e-05,400.0,0.0,1.0,0.37,0.0,K_0.0001_int_curvature_CF_7.5_seed_166_germ_band_push_0.4_noise_scale_1e-05_dt_1e-05_t_final_400.0_add_MD_bool_0.0_add_CF_bool_1.0_CF_position_0.37_t_CF_0.0/,399.9999997064933,2,0.10249699773296962,0.3534862996493544,0.0,0.0,5.9999999999420215,1,0.028123270336630184,0.23816540412972373,0.43724913931763204,0.45599764241992247
0.0001,5.0,167,0.0,1e-05,1e-05,400.0,0.0,1.0,0.37,0.0,K_0.0001_int_curvature_CF_5.0_seed_167_germ_band_push_0.0_noise_scale_1e-05_dt_1e-05_t_final_400.0_add_MD_bool_0.0_add_CF_bool_1.0_CF_position_0.37_t_CF_0.0/,399.9999997064933,2,0.151293654676301,0.35054940561945985,0.0,0.0,216.00000005736183,2,0.15426727211780436,0.39026240367089643,0.0,0.0
0.0001,0.5,168,0.2,1e-05,1e-05,400.0,0.0,1.0,0.37,0.0,K_0.0001_int_curvature_CF_0.5_seed_168_germ_band_push_0.2_noise_scale_1e-05_dt_1e-05_t_final_400.0_add_MD_bool_0.0_add_CF_bool_1.0_CF_position_0.37_t_CF_0.0/,399.9999997064933,1,0.10965018003894668,0.37594434145369143,1.1966818549745715,1.200476132541463,17.99999999948773,1,0.019802920847030902,0.17836847372215933,0.3682098015306375,0.35977144771777303
0.0001,0.5,169,0.0,1e-05,1e-05,400.0,0.0,1.0,0.37,0.0,K_0.0001_int_curvature_CF_0.5_seed_169_germ_band_push_0.0_noise_scale_1e-05_dt_1e-05_t_final_400.0_add_MD_bool_0.0_add_CF_bool_1.0_CF_position_0.37_t_CF_0.0/,399.9999997064933,1,0.07832003939184327,0.26131338149884537,1.150655629783242,1.1556565915766732,377.999999762038,1,0.07311394126772484,0.2545156367946371,1.1276425171875772,1.1336798368433054
0.0001,5.0,170,0.2,1e-05,1e-05,400.0,0.0,1.0,0.37,0.0,K_0.0001_int_curvature_CF_5.0_seed_170_germ_band_push_0.2_noise_scale_1e-05_dt_1e-05_t_final_400.0_add_MD_bool_0.0_add_CF_bool_1.0_CF_position_0.37_t_CF_0.0/,399.9999997064933,2,0.11965577209722371,0.39638206622133515,0.0,0.0,5.9999999999420215,1,0.017781441844223082,0.17238616392185116,0.3451966889349727,0.3496758271296685
0.0001,7.5,171,0.4,1e-05,1e-05,400.0,0.0,1.0,0.37,0.0,K_0.0001_int_curvature_CF_7.5_seed_171_germ_band_push_0.4_noise_scale_1e-05_dt_1e-05_t_final_400.0_add_MD_bool_0.0_add_CF_bool_1.0_CF_position_0.37_t_CF_0.0/,399.9999997064933,2,0.10243121541969043,0.3600189371048329,0.0,0.0,5.9999999999420215,1,0.02856784577121251,0.24070370721115494,0.43724913931763204,0.45702433978060125
0.0001,5.0,172,0.4,1e-05,1e-05,400.0,0.0,1.0,0.37,0.0,K_0.0001_int_curvature_CF_5.0_seed_172_germ_band_push_0.4_noise_scale_1e-05_dt_1e-05_t_final_400.0_add_MD_bool_0.0_add_CF_bool_1.0_CF_position_0.37_t_CF_0.0/,399.9999997064933,2,0.10037201717521702,0.3497949570142017,0.0,0.0,5.9999999999420215,1,0.025491426110538895,0.22234091056322436,0.4142360267219672,0.4245786687894669
0.0001,0.5,173,0.4,1e-05,1e-05,400.0,0.0,1.0,0.37,0.0,K_0.0001_int_curvature_CF_0.5_seed_173_germ_band_push_0.4_noise_scale_1e-05_dt_1e-05_t_final_400.0_add_MD_bool_0.0_add_CF_bool_1.0_CF_position_0.37_t_CF_0.0/,399.9999997064933,1,0.09303314304063763,0.33213446091994187,1.311747417952896,1.3152884708729125,5.9999999999420215,1,0.012801866663432755,0.15045577947592825,0.2761573511479781,0.2686940577599045
0.0001,5.0,174,0.0,1e-05,1e-05,400.0,0.0,1.0,0.37,0.0,K_0.0001_int_curvature_CF_5.0_seed_174_germ_band_push_0.0_noise_scale_1e-05_dt_1e-05_t_final_400.0_add_MD_bool_0.0_add_CF_bool_1.0_CF_position_0.37_t_CF_0.0/,399.9999997064933,2,0.15056649173459832,0.35611651873800865,0.0,0.0,234.0000000630753,2,0.15293899542728268,0.3873972620620119,0.0,0.0
0.0001,2.0,175,0.0,1e-05,1e-05,400.0,0.0,1.0,0.37,0.0,K_0.0001_int_curvature_CF_2.0_seed_175_germ_band_push_0.0_noise_scale_1e-05_dt_1e-05_t_final_400.0_add_MD_bool_0.0_add_CF_bool_1.0_CF_position_0.37_t_CF_0.0/,399.9999997064933,1,0.1731125534222365,0.3915829495585219,1.9791276832271762,2.0356540526344733,395.9999997165924,1,0.17308861994826877,0.3949377391648525,2.002140795822841,2.060453908911781
0.0001,2.0,176,0.2,1e-05,1e-05,400.0,0.0,1.0,0.37,0.0,K_0.0001_int_curvature_CF_2.0_seed_176_germ_band_push_0.2_noise_scale_1e-05_dt_1e-05_t_final_400.0_add_MD_bool_0.0_add_CF_bool_1.0_CF_position_0.37_t_CF_0.0/,399.9999997064933,2,0.11997593261213886,0.3810528170751484,0.0,0.0,11.999999999714875,1,0.020844718131431395,0.18526956904631503,0.3682098015306375,0.3658726415543567
0.0001,2.0,177,0.4,1e-05,1e-05,400.0,0.0,1.0,0.37,0.0,K_0.0001_int_curvature_CF_2.0_seed_177_germ_band_push_0.4_noise_scale_1e-05_dt_1e-05_t_final_400.0_add_MD_bool_0.0_add_CF_bool_1.0_CF_position_0.37_t_CF_0.0/,399.9999997064933,2,0.09232917126276678,0.3316924537207574,0.0,0.0,5.9999999999420215,1,0.0210895580214655,0.19698503867545822,0.3682098015306375,0.3701783157497798
0.0001,7.5,178,0.2,1e-05,1e-05,400.0,0.0,1.0,0.37,0.0,K_0.0001_int_curvature_CF_7.5_seed_178_germ_band_push_0.2_noise_scale_1e-05_dt_1e-05_t_final_400.0_add_MD_bool_0.0_add_CF_bool_1.0_CF_position_0.37_t_CF_0.0/,399.9999997064933,2,0.12268673231850862,0.3860116427221399,0.0,0.0,5.9999999999420215,1,0.021264120100483442,0.19394144142249903,0.3682098015306375,0.38182927873169725
0.0001,7.5,179,0.0,1e-05,1e-05,400.0,0.0,1.0,0.37,0.0,K_0.0001_int_curvature_CF_7.5_seed_179_germ_band_push_0.0_noise_scale_1e-05_dt_1e-05_t_final_400.0_add_MD_bool_0.0_add_CF_bool_1.0_CF_position_0.37_t_CF_0.0/,399.9999997064933,2,0.14987116493055352,0.35040773329101055,0.0,0.0,138.00000003260357,2,0.15671628503882912,0.397977568590692,0.0,0.0
0.0001,7.5,180,0.0,1e-05,1e-05,400.0,0.0,1.0,0.37,0.0,K_0.0001_int_curvature_CF_7.5_seed_180_germ_band_push_0.0_noise_scale_1e-05_dt_1e-05_t_final_400.0_add_MD_bool_0.0_add_CF_bool_1.0_CF_position_0.37_t_CF_0.0/,399.9999997064933,2,0.14948416510694496,0.34945247432155,0.0,0.0,156.00000003831698,2,0.15077848298367763,0.3899390840852724,0.0,0.0
0.0001,7.5,181,0.2,1e-05,1e-05,400.0,0.0,1.0,0.37,0.0,K_0.0001_int_curvature_CF_7.5_seed_181_germ_band_push_0.2_noise_scale_1e-05_dt_1e-05_t_final_400.0_add_MD_bool_0.0_add_CF_bool_1.0_CF_position_0.37_t_CF_0.0/,399.9999997064933,2,0.11923185281463594,0.39516986448602326,0.0,0.0,5.9999999999420215,1,0.021452517234067995,0.1963487711897083,0.3682098015306375,0.3820818381861005
0.0001,0.5,182,0.4,1e-05,1e-05,400.0,0.0,1.0,0.37,0.0,K_0.0001_int_curvature_CF_0.5_seed_182_germ_band_push_0.4_noise_scale_1e-05_dt_1e-05_t_final_400.0_add_MD_bool_0.0_add_CF_bool_1.0_CF_position_0.37_t_CF_0.0/,399.9999997064933,1,0.09562390019375132,0.33469012650784824,1.311747417952896,1.3168872552198865,5.9999999999420215,1,0.01290960349982023,0.1500364009594592,0.2761573511479781,0.2684216884433531
0.0001,0.5,183,0.2,1e-05,1e-05,400.0,0.0,1.0,0.37,0.0,K_0.0001_int_curvature_CF_0.5_seed_183_germ_band_push_0.2_noise_scale_1e-05_dt_1e-05_t_final_400.0_add_MD_bool_0.0_add_CF_bool_1.0_CF_position_0.37_t_CF_0.0/,399.9999997064933,1,0.11055404953623321,0.3682515596426907,1.1966818549745715,1.2008246510868634,17.99999999948773,1,0.01871017334356746,0.17065932673231635,0.3682098015306375,0.35876952305304843
0.0001,7.5,184,0.4,1e-05,1e-05,400.0,0.0,1.0,0.37,0.0,K_0.0001_int_curvature_CF_7.5_seed_184_germ_band_push_0.4_noise_scale_1e-05_dt_1e-05_t_final_400.0_add_MD_bool_0.0_add_CF_bool_1.0_CF_position_0.37_t_CF_0.0/,399.9999997064933,2,0.10435935566621302,0.3598284880527907,0.0,0.0,5.9999999999420215,1,0.02852333898469973,0.23918172992160183,0.43724913931763204,0.45495028152798406
0.0001,5.0,185,0.2,1e-05,1e-05,400.0,0.0,1.0,0.37,0.0,K_0.0001_int_curvature_CF_5.0_seed_185_germ_band_push_0.2_noise_scale_1e-05_dt_1e-05_t_final_400.0_add_MD_bool_0.0_add_CF_bool_1.0_CF_position_0.37_t_CF_0.0/,399.9999997064933,2,0.12122614966984341,0.38881043881727245,0.0,0.0,5.9999999999420215,1,0.017602335835487027,0.17099907622102495,0.3451966889349727,0.34956129911999284
0.0001,5.0,186,0.0,1e-05,1e-05,400.0,0.0,1.0,0.37,0.0,K_0.0001_int_curvature_CF_5.0_seed_186_germ_band_push_0.0_noise_scale_1e-05_dt_1e-05_t_final_400.0_add_MD_bool_0.0_add_CF_bool_1.0_CF_position_0.37_t_CF_0.0/,399.9999997064933,2,0.15112020227862638,0.34952815379452407,0.0,0.0,222.0000000592663,2,0.15125565367635788,0.3892254020408697,0.0,0.0
0.0001,2.0,187,0.0,1e-05,1e-05,400.0,0.0,1.0,0.37,0.0,K_0.0001_int_curvature_CF_2.0_seed_187_germ_band_push_0.0_noise_scale_1e-05_dt_1e-05_t_final_400.0_add_MD_bool_0.0_add_CF_bool_1.0_CF_position_0.37_t_CF_0.0/,399.9999997064933,1,0.17153449617598604,0.39121424403376376,2.002140795822841,2.0713007654993056,395.9999997165924,1,0.17279451050891848,0.39524160818278714,2.002140795822841,2.065238395954322
0.0001,2.0,188,0.2,1e-05,1e-05,400.0,0.0,1.0,0.37,0.0,K_0.0001_int_curvature_CF_2.0_seed_188_germ_band_push_0.2_noise_scale_1e-05_dt_1e-05_t_final_400.0_add_MD_bool_0.0_add_CF_bool_1.0_CF_position_0.37_t_CF_0.0/,399.9999997064933,2,0.11890040225294157,0.38519494384901537,0.0,0.0,11.999999999714875,1,0.02183464325931609,0.19135116331312088,0.3682098015306375,0.3687420378438764
0.0001,2.0,189,0.4,1e-05,1e-05,400.0,0.0,1.0,0.37,0.0,K_0.0001_int_curvature_CF_2.0_seed_189_germ_band_push_0.4_noise_scale_1e-05_dt_1e-05_t_final_400.0_add_MD_bool_0.0_add_CF_bool_1.0_CF_position_0.37_t_CF_0.0/,399.9999997064933,2,0.09236002777167139,0.34062606365532777,0.0,0.0,5.9999999999420215,1,0.02107338667352563,0.19754049516529978,0.3682098015306375,0.36998130014746405
0.0001,5.0,190,0.4,1e-05,1e-05,400.0,0.0,1.0,0.37,0.0,K_0.0001_int_curvature_CF_5.0_seed_190_germ_band_push_0.4_noise_scale_1e-05_dt_1e-05_t_final_400.0_add_MD_bool_0.0_add_CF_bool_1.0_CF_position_0.37_t_CF_0.0/,399.9999997064933,2,0.10050047196788889,0.35248872506073997,0.0,0.0,5.9999999999420215,1,0.025368730344274972,0.221286713492476,0.4142360267219672,0.42544581343568943
0.0001,0.5,191,0.0,1e-05,1e-05,400.0,0.0,1.0,0.37,0.0,K_0.0001_int_curvature_CF_0.5_seed_191_germ_band_push_0.0_noise_scale_1e-05_dt_1e-05_t_final_400.0_add_MD_bool_0.0_add_CF_bool_1.0_CF_position_0.37_t_CF_0.0/,399.9999997064933,1,0.07959037946443658,0.26566721348270184,1.1276425171875772,1.1333130473859019,395.9999997165924,1,0.07947636292918117,0.2664232564401022,1.150655629783242,1.1590324703562034
0.0001,7.5,192,0.0,1e-05,1e-05,400.0,0.0,1.0,0.37,0.0,K_0.0001_int_curvature_CF_7.5_seed_192_germ_band_push_0.0_noise_scale_1e-05_dt_1e-05_t_final_400.0_add_MD_bool_0.0_add_CF_bool_1.0_CF_position_0.37_t_CF_0.0/,399.9999997064933,2,0.148655184032066,0.348500159296913,0.0,0.0,162.0000000402215,2,0.15115483652966175,0.3908244507859134,0.0,0.0
0.0001,7.5,193,0.4,1e-05,1e-05,400.0,0.0,1.0,0.37,0.0,K_0.0001_int_curvature_CF_7.5_seed_193_germ_band_push_0.4_noise_scale_1e-05_dt_1e-05_t_final_400.0_add_MD_bool_0.0_add_CF_bool_1.0_CF_position_0.37_t_CF_0.0/,399.9999997064933,2,0.10177385781725463,0.35590658911351924,0.0,0.0,5.9999999999420215,1,0.028833501432231897,0.24094845232523238,0.4602622519132969,0.47653600549196473
0.0001,0.5,194,0.0,1e-05,1e-05,400.0,0.0,1.0,0.37,0.0,K_0.0001_int_curvature_CF_0.5_seed_194_germ_band_push_0.0_noise_scale_1e-05_dt_1e-05_t_final_400.0_add_MD_bool_0.0_add_CF_bool_1.0_CF_position_0.37_t_CF_0.0/,399.9999997064933,1,0.08428314436284111,0.2717040748489873,1.150655629783242,1.1581794031573243,399.9999997064933,1,0.08428314436284111,0.2717040748489873,1.150655629783242,1.1581794031573243
0.0001,0.5,195,0.2,1e-05,1e-05,400.0,0.0,1.0,0.37,0.0,K_0.0001_int_curvature_CF_0.5_seed_195_germ_band_push_0.2_noise_scale_1e-05_dt_1e-05_t_final_400.0_add_MD_bool_0.0_add_CF_bool_1.0_CF_position_0.37_t_CF_0.0/,399.9999997064933,1,0.11080655040566807,0.3707227638184552,1.2196949675702362,1.224118969735241,17.99999999948773,1,0.019853066718350014,0.17789045992134886,0.3682098015306375,0.35930648165488444
0.0001,0.5,196,0.4,1e-05,1e-05,400.0,0.0,1.0,0.37,0.0,K_0.0001_int_curvature_CF_0.5_seed_196_germ_band_push_0.4_noise_scale_1e-05_dt_1e-05_t_final_400.0_add_MD_bool_0.0_add_CF_bool_1.0_CF_position_0.37_t_CF_0.0/,399.9999997064933,1,0.09231978341584006,0.3314607687451269,1.2657211927615657,1.2704914342037104,5.9999999999420215,1,0.012148208098719158,0.1450755379298423,0.25314423855231327,0.24453364611290662
0.0001,2.0,197,0.0,1e-05,1e-05,400.0,0.0,1.0,0.37,0.0,K_0.0001_int_curvature_CF_2.0_seed_197_germ_band_push_0.0_noise_scale_1e-05_dt_1e-05_t_final_400.0_add_MD_bool_0.0_add_CF_bool_1.0_CF_position_0.37_t_CF_0.0/,399.9999997064933,1,0.17510472569563013,0.3958182749153789,2.002140795822841,2.0635867987449656,377.999999762038,1,0.1761012411050392,0.3938377677834034,1.9791276832271762,2.0384887240662883
0.0001,5.0,198,0.4,1e-05,1e-05,400.0,0.0,1.0,0.37,0.0,K_0.0001_int_curvature_CF_5.0_seed_198_germ_band_push_0.4_noise_scale_1e-05_dt_1e-05_t_final_400.0_add_MD_bool_0.0_add_CF_bool_1.0_CF_position_0.37_t_CF_0.0/,399.9999997064933,2,0.102094593901047,0.35587239531721937,0.0,0.0,5.9999999999420215,1,0.025520302778351475,0.2219119797660037,0.4142360267219672,0.4219717912508328
0.0001,5.0,199,0.2,1e-05,1e-05,400.0,0.0,1.0,0.37,0.0,K_0.0001_int_curvature_CF_5.0_seed_199_germ_band_push_0.2_noise_scale_1e-05_dt_1e-05_t_final_400.0_add_MD_bool_0.0_add_CF_bool_1.0_CF_position_0.37_t_CF_0.0/,399.9999997064933,2,0.12143661655645058,0.39540895886215427,0.0,0.0,5.9999999999420215,1,0.01745815426820963,0.17110672490352313,0.32218357633930783,0.3269455731359961
0.0001,5.0,200,0.0,1e-05,1e-05,400.0,0.0,1.0,0.37,0.0,K_0.0001_int_curvature_CF_5.0_seed_200_germ_band_push_0.0_noise_scale_1e-05_dt_1e-05_t_final_400.0_add_MD_bool_0.0_add_CF_bool_1.0_CF_position_0.37_t_CF_0.0/,399.9999997064933,2,0.15128164168092836,0.36029471083528525,0.0,0.0,234.0000000630753,2,0.15413680606457947,0.3865550791151689,0.0,0.0
0.0001,2.0,201,0.2,1e-05,1e-05,400.0,0.0,1.0,0.37,0.0,K_0.0001_int_curvature_CF_2.0_seed_201_germ_band_push_0.2_noise_scale_1e-05_dt_1e-05_t_final_400.0_add_MD_bool_0.0_add_CF_bool_1.0_CF_position_0.37_t_CF_0.0/,399.9999997064933,2,0.11722170915128466,0.38792688200647685,0.0,0.0,11.999999999714875,1,0.022139036501257064,0.18951295336102925,0.3682098015306375,0.36705344823382174
0.0001,2.0,202,0.4,1e-05,1e-05,400.0,0.0,1.0,0.37,0.0,K_0.0001_int_curvature_CF_2.0_seed_202_germ_band_push_0.4_noise_scale_1e-05_dt_1e-05_t_final_400.0_add_MD_bool_0.0_add_CF_bool_1.0_CF_position_0.37_t_CF_0.0/,399.9999997064933,2,0.09292957483261023,0.3409593408756549,0.0,0.0,5.9999999999420215,1,0.0206832193519439,0.19606728516730038,0.3682098015306375,0.3710851751234446
0.0001,7.5,203,0.2,1e-05,1e-05,400.0,0.0,1.0,0.37,0.0,K_0.0001_int_curvature_CF_7.5_seed_203_germ_band_push_0.2_noise_scale_1e-05_dt_1e-05_t_final_400.0_add_MD_bool_0.0_add_CF_bool_1.0_CF_position_0.37_t_CF_0.0/,399.9999997064933,2,0.12169498857674937,0.39424997939259676,0.0,0.0,5.9999999999420215,1,0.021319139791864665,0.19488444381710493,0.3682098015306375,0.3831435137154446
0.0001,0.5,204,0.0,1e-05,1e-05,400.0,0.0,1.0,0.37,0.0,K_0.0001_int_curvature_CF_0.5_seed_204_germ_band_push_0.0_noise_scale_1e-05_dt_1e-05_t_final_400.0_add_MD_bool_0.0_add_CF_bool_1.0_CF_position_0.37_t_CF_0.0/,399.9999997064933,1,0.07814128953142348,0.25636614288532916,1.2196949675702362,1.2212362062578768,377.999999762038,1,0.07439435429237436,0.2518590746069307,1.1276425171875772,1.135188222140079
0.0001,0.5,205,0.2,1e-05,1e-05,400.0,0.0,1.0,0.37,0.0,K_0.0001_int_curvature_CF_0.5_seed_205_germ_band_push_0.2_noise_scale_1e-05_dt_1e-05_t_final_400.0_add_MD_bool_0.0_add_CF_bool_1.0_CF_position_0.37_t_CF_0.0/,399.9999997064933,1,0.10956526072096814,0.3754989522209288,1.1966818549745715,1.198860025886202,17.99999999948773,1,0.01924176252930662,0.17516409221713178,0.3682098015306375,0.35887280688181455
0.0001,0.5,206,0.4,1e-05,1e-05,400.0,0.0,1.0,0.37,0.0,K_0.0001_int_curvature_CF_0.5_seed_206_germ_band_push_0.4_noise_scale_1e-05_dt_1e-05_t_final_400.0_add_MD_bool_0.0_add_CF_bool_1.0_CF_position_0.37_t_CF_0.0/,399.9999997064933,1,0.09937752736979645,0.33346539536626385,1.311747417952896,1.317796317253792,5.9999999999420215,1,0.010605678003881054,0.13052162544642384,0.25314423855231327,0.23733204005296615
0.0001,2.0,207,0.0,1e-05,1e-05,400.0,0.0,1.0,0.37,0.0,K_0.0001_int_curvature_CF_2.0_seed_207_germ_band_push_0.0_noise_scale_1e-05_dt_1e-05_t_final_400.0_add_MD_bool_0.0_add_CF_bool_1.0_CF_position_0.37_t_CF_0.0/,399.9999997064933,1,0.1725164529969459,0.3990950981671248,2.002140795822841,2.0648120060571435,399.9999997064933,1,0.1725164529969459,0.3990950981671248,2.002140795822841,2.0648120060571435
0.0001,2.0,208,0.4,1e-05,1e-05,400.0,0.0,1.0,0.37,0.0,K_0.0001_int_curvature_CF_2.0_seed_208_germ_band_push_0.4_noise_scale_1e-05_dt_1e-05_t_final_400.0_add_MD_bool_0.0_add_CF_bool_1.0_CF_position_0.37_t_CF_0.0/,399.9999997064933,2,0.09094803793799004,0.3376981201119005,0.0,0.0,5.9999999999420215,1,0.02080150784999947,0.19636789241285332,0.3682098015306375,0.36885501070243454
0.0001,2.0,209,0.2,1e-05,1e-05,400.0,0.0,1.0,0.37,0.0,K_0.0001_int_curvature_CF_2.0_seed_209_germ_band_push_0.2_noise_scale_1e-05_dt_1e-05_t_final_400.0_add_MD_bool_0.0_add_CF_bool_1.0_CF_position_0.37_t_CF_0.0/,399.9999997064933,2,0.11978507040128948,0.38394748068593265,0.0,0.0,11.999999999714875,1,0.02091175563921379,0.184883590162145,0.3682098015306375,0.36395320993638924
0.0001,7.5,210,0.0,1e-05,1e-05,400.0,0.0,1.0,0.37,0.0,K_0.0001_int_curvature_CF_7.5_seed_210_germ_band_push_0.0_noise_scale_1e-05_dt_1e-05_t_final_400.0_add_MD_bool_0.0_add_CF_bool_1.0_CF_position_0.37_t_CF_0.0/,399.9999997064933,2,0.14857823821934313,0.3436750736125568,0.0,0.0,162.0000000402215,2,0.1524976643977294,0.3945472656172413,0.0,0.0
0.0001,7.5,211,0.4,1e-05,1e-05,400.0,0.0,1.0,0.37,0.0,K_0.0001_int_curvature_CF_7.5_seed_211_germ_band_push_0.4_noise_scale_1e-05_dt_1e-05_t_final_400.0_add_MD_bool_0.0_add_CF_bool_1.0_CF_position_0.37_t_CF_0.0/,399.9999997064933,2,0.10333752492782386,0.3581243665543108,0.0,0.0,5.9999999999420215,1,0.02893927563147614,0.2410790026322863,0.4602622519132969,0.4757753641681206
0.0001,7.5,212,0.2,1e-05,1e-05,400.0,0.0,1.0,0.37,0.0,K_0.0001_int_curvature_CF_7.5_seed_212_germ_band_push_0.2_noise_scale_1e-05_dt_1e-05_t_final_400.0_add_MD_bool_0.0_add_CF_bool_1.0_CF_position_0.37_t_CF_0.0/,399.9999997064933,2,0.12161268043067112,0.39425764056998636,0.0,0.0,5.9999999999420215,1,0.021502317373916217,0.19369249644159245,0.3682098015306375,0.38225024126204743
0.0001,5.0,213,0.0,1e-05,1e-05,400.0,0.0,1.0,0.37,0.0,K_0.0001_int_curvature_CF_5.0_seed_213_germ_band_push_0.0_noise_scale_1e-05_dt_1e-05_t_final_400.0_add_MD_bool_0.0_add_CF_bool_1.0_CF_position_0.37_t_CF_0.0/,399.9999997064933,2,0.15235702142132537,0.35460282845279373,0.0,0.0,222.0000000592663,2,0.15218028430934424,0.39153976646228933,0.0,0.0
0.0001,5.0,214,0.4,1e-05,1e-05,400.0,0.0,1.0,0.37,0.0,K_0.0001_int_curvature_CF_5.0_seed_214_germ_band_push_0.4_noise_scale_1e-05_dt_1e-05_t_final_400.0_add_MD_bool_0.0_add_CF_bool_1.0_CF_position_0.37_t_CF_0.0/,399.9999997064933,2,0.0924424198853163,0.33844259445605557,0.0,0.0,5.9999999999420215,1,0.025507748060163947,0.22266926426355632,0.4142360267219672,0.42610388773315655
0.0001,5.0,215,0.2,1e-05,1e-05,400.0,0.0,1.0,0.37,0.0,K_0.0001_int_curvature_CF_5.0_seed_215_germ_band_push_0.2_noise_scale_1e-05_dt_1e-05_t_final_400.0_add_MD_bool_0.0_add_CF_bool_1.0_CF_position_0.37_t_CF_0.0/,399.9999997064933,2,0.11982572997950487,0.38821018759000475,0.0,0.0,5.9999999999420215,1,0.017538533204976975,0.17142463745173436,0.32218357633930783,0.3268966275521419
0.0001,2.0,216,0.4,1e-05,1e-05,400.0,0.0,1.0,0.37,0.0,K_0.0001_int_curvature_CF_2.0_seed_216_germ_band_push_0.4_noise_scale_1e-05_dt_1e-05_t_final_400.0_add_MD_bool_0.0_add_CF_bool_1.0_CF_position_0.37_t_CF_0.0/,399.9999997064933,2,0.0941076069130573,0.34021642347887837,0.0,0.0,5.9999999999420215,1,0.020707143252793134,0.19535926250977714,0.3682098015306375,0.3681385409468465
0.0001,5.0,217,0.4,1e-05,1e-05,400.0,0.0,1.0,0.37,0.0,K_0.0001_int_curvature_CF_5.0_seed_217_germ_band_push_0.4_noise_scale_1e-05_dt_1e-05_t_final_400.0_add_MD_bool_0.0_add_CF_bool_1.0_CF_position_0.37_t_CF_0.0/,399.9999997064933,2,0.10070792086981427,0.3556278096927399,0.0,0.0,5.9999999999420215,1,0.025498824402423417,0.22217484565910967,0.4142360267219672,0.4248720352548196
0.0001,5.0,218,0.2,1e-05,1e-05,400.0,0.0,1.0,0.37,0.0,K_0.0001_int_curvature_CF_5.0_seed_218_germ_band_push_0.2_noise_scale_1e-05_dt_1e-05_t_final_400.0_add_MD_bool_0.0_add_CF_bool_1.0_CF_position_0.37_t_CF_0.0/,399.9999997064933,2,0.12240863606829533,0.38654838351244125,0.0,0.0,5.9999999999420215,1,0.017720370383369728,0.17063697162110283,0.32218357633930783,0.32672738617034514
0.0001,5.0,219,0.0,1e-05,1e-05,400.0,0.0,1.0,0.37,0.0,K_0.0001_int_curvature_CF_5.0_seed_219_germ_band_push_0.0_noise_scale_1e-05_dt_1e-05_t_final_400.0_add_MD_bool_0.0_add_CF_bool_1.0_CF_position_0.37_t_CF_0.0/,399.9999997064933,2,0.14977302563266606,0.35005977502711977,0.0,0.0,222.0000000592663,2,0.15396979855411788,0.39353970363760254,0.0,0.0
0.0001,0.5,220,0.2,1e-05,1e-05,400.0,0.0,1.0,0.37,0.0,K_0.0001_int_curvature_CF_0.5_seed_220_germ_band_push_0.2_noise_scale_1e-05_dt_1e-05_t_final_400.0_add_MD_bool_0.0_add_CF_bool_1.0_CF_position_0.37_t_CF_0.0/,399.9999997064933,1,0.11220790433044257,0.37822957804957824,1.242708080165901,1.2457443390162268,23.999999999260588,1,0.026138827073960594,0.21029133188229565,0.4142360267219672,0.4081926227215188
0.0001,2.0,221,0.2,1e-05,1e-05,400.0,0.0,1.0,0.37,0.0,K_0.0001_int_curvature_CF_2.0_seed_221_germ_band_push_0.2_noise_scale_1e-05_dt_1e-05_t_final_400.0_add_MD_bool_0.0_add_CF_bool_1.0_CF_position_0.37_t_CF_0.0/,399.9999997064933,2,0.11847015140679852,0.39041642930864173,0.0,0.0,11.999999999714875,1,0.021289489054958706,0.18709899364505872,0.3682098015306375,0.3639760340485644
0.0001,0.5,222,0.4,1e-05,1e-05,400.0,0.0,1.0,0.37,0.0,K_0.0001_int_curvature_CF_0.5_seed_222_germ_band_push_0.4_noise_scale_1e-05_dt_1e-05_t_final_400.0_add_MD_bool_0.0_add_CF_bool_1.0_CF_position_0.37_t_CF_0.0/,399.9999997064933,2,0.09099411929177977,0.32786574592309325,0.0,0.0,5.9999999999420215,1,0.01245903535721543,0.1470590005087339,0.25314423855231327,0.24491025911339637
0.0001,7.5,223,0.4,1e-05,1e-05,400.0,0.0,1.0,0.37,0.0,K_0.0001_int_curvature_CF_7.5_seed_223_germ_band_push_0.4_noise_scale_1e-05_dt_1e-05_t_final_400.0_add_MD_bool_0.0_add_CF_bool_1.0_CF_position_0.37_t_CF_0.0/,399.9999997064933,2,0.09997834576037148,0.3481134928890064,0.0,0.0,5.9999999999420215,1,0.028441894064944306,0.23913695469191465,0.43724913931763204,0.453441697778577
0.0001,7.5,224,0.2,1e-05,1e-05,400.0,0.0,1.0,0.37,0.0,K_0.0001_int_curvature_CF_7.5_seed_224_germ_band_push_0.2_noise_scale_1e-05_dt_1e-05_t_final_400.0_add_MD_bool_0.0_add_CF_bool_1.0_CF_position_0.37_t_CF_0.0/,399.9999997064933,2,0.12165078109382906,0.39136040775164493,0.0,0.0,5.9999999999420215,1,0.021264486790805878,0.19434302657797406,0.3682098015306375,0.38234539542350937
0.0001,7.5,225,0.0,1e-05,1e-05,400.0,0.0,1.0,0.37,0.0,K_0.0001_int_curvature_CF_7.5_seed_225_germ_band_push_0.0_noise_scale_1e-05_dt_1e-05_t_final_400.0_add_MD_bool_0.0_add_CF_bool_1.0_CF_position_0.37_t_CF_0.0/,399.9999997064933,2,0.14873044518646403,0.34860767333193793,0.0,0.0,150.00000003641253,2,0.15144250828957304,0.39240568577276275,0.0,0.0
0.0001,0.5,226,0.0,1e-05,1e-05,400.0,0.0,1.0,0.37,0.0,K_0.0001_int_curvature_CF_0.5_seed_226_germ_band_push_0.0_noise_scale_1e-05_dt_1e-05_t_final_400.0_add_MD_bool_0.0_add_CF_bool_1.0_CF_position_0.37_t_CF_0.0/,399.9999997064933,1,0.07806130330151989,0.2620624972084285,1.150655629783242,1.1597637382079073,389.9999997317409,1,0.07731346356178666,0.2600936347644404,1.1276425171875772,1.13440626586415
0.0001,2.0,227,0.0,1e-05,1e-05,400.0,0.0,1.0,0.37,0.0,K_0.0001_int_curvature_CF_2.0_seed_227_germ_band_push_0.0_noise_scale_1e-05_dt_1e-05_t_final_400.0_add_MD_bool_0.0_add_CF_bool_1.0_CF_position_0.37_t_CF_0.0/,399.9999997064933,1,0.1741877586611446,0.3974902731236349,2.002140795822841,2.0610318897612245,395.9999997165924,1,0.17419643295359966,0.3930785798676302,1.9791276832271762,2.0353159185955336
0.0001,7.5,228,0.0,1e-05,1e-05,400.0,0.0,1.0,0.37,0.0,K_0.0001_int_curvature_CF_7.5_seed_228_germ_band_push_0.0_noise_scale_1e-05_dt_1e-05_t_final_400.0_add_MD_bool_0.0_add_CF_bool_1.0_CF_position_0.37_t_CF_0.0/,399.9999997064933,2,0.14898038461755822,0.3437706230704147,0.0,0.0,144.00000003450805,2,0.15059938267398343,0.3942833348109624,0.0,0.0
0.0001,2.0,229,0.4,1e-05,1e-05,400.0,0.0,1.0,0.37,0.0,K_0.0001_int_curvature_CF_2.0_seed_229_germ_band_push_0.4_noise_scale_1e-05_dt_1e-05_t_final_400.0_add_MD_bool_0.0_add_CF_bool_1.0_CF_position_0.37_t_CF_0.0/,399.9999997064933,2,0.09279490894613655,0.3352336585677249,0.0,0.0,5.9999999999420215,1,0.020255192231679243,0.1926549747716642,0.3682098015306375,0.36762529554113044
0.0001,5.0,230,0.2,1e-05,1e-05,400.0,0.0,1.0,0.37,0.0,K_0.0001_int_curvature_CF_5.0_seed_230_germ_band_push_0.2_noise_scale_1e-05_dt_1e-05_t_final_400.0_add_MD_bool_0.0_add_CF_bool_1.0_CF_position_0.37_t_CF_0.0/,399.9999997064933,2,0.12057472698571113,0.3905352988945745,0.0,0.0,5.9999999999420215,1,0.01716130217930409,0.16842986084147177,0.32218357633930783,0.32730744412348134
0.0001,5.0,231,0.0,1e-05,1e-05,400.0,0.0,1.0,0.37,0.0,K_0.0001_int_curvature_CF_5.0_seed_231_germ_band_push_0.0_noise_scale_1e-05_dt_1e-05_t_final_400.0_add_MD_bool_0.0_add_CF_bool_1.0_CF_position_0.37_t_CF_0.0/,399.9999997064933,2,0.1508889639323766,0.3545147780442843,0.0,0.0,222.0000000592663,2,0.15086906447084522,0.3876052387637312,0.0,0.0
0.0001,7.5,232,0.2,1e-05,1e-05,400.0,0.0,1.0,0.37,0.0,K_0.0001_int_curvature_CF_7.5_seed_232_germ_band_push_0.2_noise_scale_1e-05_dt_1e-05_t_final_400.0_add_MD_bool_0.0_add_CF_bool_1.0_CF_position_0.37_t_CF_0.0/,399.9999997064933,2,0.12198893938090562,0.38703577342872447,0.0,0.0,5.9999999999420215,1,0.021203684341250292,0.19503753284362862,0.3682098015306375,0.3823138223565041
0.0001,2.0,233,0.2,1e-05,1e-05,400.0,0.0,1.0,0.37,0.0,K_0.0001_int_curvature_CF_2.0_seed_233_germ_band_push_0.2_noise_scale_1e-05_dt_1e-05_t_final_400.0_add_MD_bool_0.0_add_CF_bool_1.0_CF_position_0.37_t_CF_0.0/,399.9999997064933,2,0.12023733111337315,0.3876822217909795,0.0,0.0,11.999999999714875,1,0.021740800180441222,0.19137198389314936,0.3682098015306375,0.3681149395010907
0.0001,2.0,234,0.0,1e-05,1e-05,400.0,0.0,1.0,0.37,0.0,K_0.0001_int_curvature_CF_2.0_seed_234_germ_band_push_0.0_noise_scale_1e-05_dt_1e-05_t_final_400.0_add_MD_bool_0.0_add_CF_bool_1.0_CF_position_0.37_t_CF_0.0/,399.9999997064933,1,0.17291727127872666,0.3936091093021596,2.002140795822841,2.0668144259835435,399.9999997064933,1,0.17291727127872666,0.3936091093021596,2.002140795822841,2.0668144259835435
0.0001,0.5,235,0.4,1e-05,1e-05,400.0,0.0,1.0,0.37,0.0,K_0.0001_int_curvature_CF_0.5_seed_235_germ_band_push_0.4_noise_scale_1e-05_dt_1e-05_t_final_400.0_add_MD_bool_0.0_add_CF_bool_1.0_CF_position_0.37_t_CF_0.0/,399.9999997064933,1,0.0939373651483286,0.33107155180710907,1.2887343053572313,1.292783734609503,5.9999999999420215,1,0.0126964952298443,0.14965544949772472,0.2761573511479781,0.2663076632317599
0.0001,0.5,236,0.2,1e-05,1e-05,400.0,0.0,1.0,0.37,0.0,K_0.0001_int_curvature_CF_0.5_seed_236_germ_band_push_0.2_noise_scale_1e-05_dt_1e-05_t_final_400.0_add_MD_bool_0.0_add_CF_bool_1.0_CF_position_0.37_t_CF_0.0/,399.9999997064933,1,0.10936841020052396,0.3682859362152197,1.1966818549745715,1.20475764629437,23.999999999260588,1,0.02656165123120717,0.2101476837255392,0.43724913931763204,0.4280050407128166
0.0001,0.5,237,0.0,1e-05,1e-05,400.0,0.0,1.0,0.37,0.0,K_0.0001_int_curvature_CF_0.5_seed_237_germ_band_push_0.0_noise_scale_1e-05_dt_1e-05_t_final_400.0_add_MD_bool_0.0_add_CF_bool_1.0_CF_position_0.37_t_CF_0.0/,399.9999997064933,1,0.07721843986447655,0.25962712363032986,1.1046294045919125,1.108829021713756,311.99999992867197,1,0.06553953961337639,0.23361117893817274,1.012576954209253,1.0194772007828146
0.0001,5.0,238,0.4,1e-05,1e-05,400.0,0.0,1.0,0.37,0.0,K_0.0001_int_curvature_CF_5.0_seed_238_germ_band_push_0.4_noise_scale_1e-05_dt_1e-05_t_final_400.0_add_MD_bool_0.0_add_CF_bool_1.0_CF_position_0.37_t_CF_0.0/,399.9999997064933,2,0.10207816403116408,0.3566582488061086,0.0,0.0,5.9999999999420215,1,0.025468895222901668,0.22298253809061283,0.4142360267219672,0.4268349819648187
0.0001,7.5,239,0.4,1e-05,1e-05,400.0,0.0,1.0,0.37,0.0,K_0.0001_int_curvature_CF_7.5_seed_239_germ_band_push_0.4_noise_scale_1e-05_dt_1e-05_t_final_400.0_add_MD_bool_0.0_add_CF_bool_1.0_CF_position_0.37_t_CF_0.0/,399.9999997064933,2,0.10451276537554882,0.35676264098325,0.0,0.0,5.9999999999420215,1,0.0288840953244177,0.24069718545946306,0.4602622519132969,0.4754764871229743
