K,germ_band_push,int_curvature_CF,CF_position,t_MD,seed,seed_std,seed_max,noise_scale,noise_scale_std,noise_scale_max,dt,dt_std,dt_max,t_final,t_final_std,t_final_max,add_CF_bool,add_CF_bool_std,add_CF_bool_max,t_CF,t_CF_std,t_CF_max,t_at_final,t_at_final_std,t_at_final_max,nb_folds_at_final,nb_folds_at_final_std,nb_folds_at_final_max,avg_depth_at_final,avg_depth_at_final_std,avg_depth_at_final_max,max_depth_at_final,max_depth_at_final_std,max_depth_at_final_max,CF_area_of_influence_ref_at_final,CF_area_of_influence_ref_at_final_std,CF_area_of_influence_ref_at_final_max,CF_area_of_influence_current_at_final,CF_area_of_influence_current_at_final_std,CF_area_of_influence_current_at_final_max,t_at_maxBendEnergy_afterMD,t_at_maxBendEnergy_afterMD_std,t_at_maxBendEnergy_afterMD_max,nb_folds_at_maxBendEnergy_afterMD,nb_folds_at_maxBendEnergy_afterMD_std,nb_folds_at_maxBendEnergy_afterMD_max,avg_depth_at_maxBendEnergy_afterMD,avg_depth_at_maxBendEnergy_afterMD_std,avg_depth_at_maxBendEnergy_afterMD_max,max_depth_at_maxBendEnergy_afterMD,max_depth_at_maxBendEnergy_afterMD_std,max_depth_at_maxBendEnergy_afterMD_max,CF_area_of_influence_ref_at_maxBendEnergy_afterMD,CF_area_of_influence_ref_at_maxBendEnergy_afterMD_std,CF_area_of_influence_ref_at_maxBendEnergy_afterMD_max,CF_area_of_influence_current_at_maxBendEnergy_afterMD,CF_area_of_influence_current_at_maxBendEnergy_afterMD_std,CF_area_of_influence_current_at_maxBendEnergy_afterMD_max
0.0001,0.0,2.0,0.17,0.0,482.05,285.2128429602596,938,1e-05,0.0,1e-05,1e-05,0.0,1e-05,1000.0,0.0,1000.0,1.0,0.0,1.0,0.0,0.0,0.0,999.9999981916393,0.0,999.999998191639,0.55,0.5104177855340405,1,0.04885840731004597,0.04865478349236834,0.1120396549197134,0.20769020972971566,0.19162059327104422,0.3959088983582182,0.0,0.0,0.0,0.0,0.0,0.0,724.7999988125557,371.023845783753,999.999998191639,0.55,0.5104177855340405,1,0.014258373362768676,0.012771632647421012,0.03103996727758051,0.12393567692181076,0.11293084052031124,0.2502024838181653,0.0,0.0,0.0,0.0,0.0,0.0
0.0001,0.0,2.0,0.17,5.0,482.65,283.90663309579344,939,1e-05,0.0,1e-05,1e-05,0.0,1e-05,1000.0,0.0,1000.0,1.0,0.0,1.0,0.0,0.0,0.0,999.9999981916393,0.0,999.999998191639,1.05,0.22360679774997896,2,0.07784160221719565,0.001858334426170821,0.08334820433917264,0.3526704363158643,0.004715892561003787,0.3606927104495195,1.082766947626031,0.03209266503509444,1.1276425171875772,1.0812341616585235,0.03242283566991274,1.1305105632503554,11.999999999714875,0.0,11.999999999714875,1.05,0.22360679774997896,2,0.015609882471617612,0.000704011290582061,0.017793658640657763,0.1748173425572642,0.0019350934007772995,0.17784666470205884,0.3313888213775737,0.01156695858318127,0.3451966889349727,0.32406322435865237,0.011047934031218674,0.338095696972139
0.0001,0.0,2.0,0.27,0.0,483.65,283.90663309579344,940,1e-05,0.0,1e-05,1e-05,0.0,1e-05,1000.0,0.0,1000.0,1.0,0.0,1.0,0.0,0.0,0.0,999.9999981916393,0.0,999.999998191639,1.05,0.22360679774997896,2,0.0978720954028602,0.008216351970428276,0.1134804639280769,0.38428823693561165,0.007551946232384585,0.39872418147548505,1.0551512125112326,0.36686554701289675,1.2887343053572313,1.0517779048570757,0.3657007603229368,1.2840794047403645,205.19999996184742,141.0567633022799,659.9999990500564,1.1,0.3077935056255462,2,0.022316208196811665,0.005257179850267897,0.03438318275745692,0.2037773261726214,0.02271390081187835,0.25301270919488966,0.3003211193734262,0.17017504948472909,0.4602622519132969,0.2924109520695767,0.16668598753534408,0.4512393208588479
0.0001,0.0,2.0,0.27,5.0,484.65,283.90663309579344,941,1e-05,0.0,1e-05,1e-05,0.0,1e-05,1000.0,0.0,1000.0,1.0,0.0,1.0,0.0,0.0,0.0,999.9999981916393,0.0,999.999998191639,1.0,0.0,1,0.09567359003703925,0.0017796659993475866,0.0995495885149142,0.3804855329827204,0.0028128461499326513,0.3852692212145012,1.2070377556426208,0.02298281223677593,1.242708080165901,1.2043308779709494,0.023803211540749897,1.243096551574208,11.999999999714875,0.0,11.999999999714875,1.0,0.0,1,0.01636043073285265,0.0005524834765071398,0.01774581408577119,0.1803918578598763,0.0025045248288258584,0.1853528314724836,0.3463473445647559,0.013918452900675619,0.3682098015306375,0.3389049523560342,0.013427870049853807,0.36216775776862065
0.0001,0.0,2.0,0.37,0.0,485.65,283.90663309579344,942,1e-05,0.0,1e-05,1e-05,0.0,1e-05,1000.0,0.0,1000.0,1.0,0.0,1.0,0.0,0.0,0.0,999.9999981916393,0.0,999.999998191639,1.0,0.0,1,0.10970208579911618,0.0013398569604659647,0.11195097399015815,0.3957476141701721,0.0030589150069530173,0.3990929096709446,1.2496120139446,0.0225234158791078,1.2887343053572313,1.2459883871494803,0.022404661192200748,1.2845812963157224,68.40000001051158,28.437188411020777,132.00000003069908,1.0,0.0,1,0.023236065746154992,0.00392727034518284,0.029836142409620143,0.2139399458702525,0.021578695424856287,0.2457154242679813,0.4441530730963315,0.044235110646420675,0.5293015897002914,0.4353802835309833,0.0453918577711231,0.5224965166388413
0.0001,0.0,2.0,0.37,5.0,487.7,284.3217413979785,943,1e-05,0.0,1e-05,1e-05,0.0,1e-05,1000.0,0.0,1000.0,1.0,0.0,1.0,0.0,0.0,0.0,999.9999981916393,0.0,999.999998191639,1.0,0.0,1,0.11081886083620643,0.0011302610017844812,0.11313585414277565,0.3950305133903305,0.0039935751171843465,0.39982683990725754,1.2760770934296148,0.018999118261899067,1.311747417952896,1.2735047183096588,0.019921669981744636,1.3142955174317308,11.999999999714875,0.0,11.999999999714875,1.0,0.0,1,0.014769665531339796,0.0003828160085734199,0.015606512754212867,0.16758238929740316,0.002512381871886169,0.17255714866992122,0.33714209952648994,0.011261707939553875,0.3451966889349727,0.3269483731823791,0.010953867415313182,0.336684103033433
0.0001,0.0,2.0,0.47,0.0,487.85,283.90125692608433,944,1e-05,0.0,1e-05,1e-05,0.0,1e-05,1000.0,0.0,1000.0,1.0,0.0,1.0,0.0,0.0,0.0,999.9999981916393,0.0,999.999998191639,1.0,0.0,1,0.11181074783883711,0.001303877013800994,0.11437616764293032,0.3923551010757375,0.002948292306054378,0.3985937014018187,1.2691731596509155,0.021478184115013073,1.311747417952896,1.2664755667215644,0.02101764830168345,1.3094167013293023,75.60000001279695,23.63405215800342,156.00000003831698,1.0,0.0,1,0.025146839355192463,0.0028263355477663073,0.030140214489129458,0.2231978181911225,0.014115068303524535,0.24717904625227144,0.47061815258134604,0.03539675174122369,0.5293015897002914,0.4626698529641097,0.03588100997339103,0.5195973975221203
0.0001,0.0,2.0,0.47,5.0,488.55,283.56034816707285,945,1e-05,0.0,1e-05,1e-05,0.0,1e-05,1000.0,0.0,1000.0,1.0,0.0,1.0,0.0,0.0,0.0,999.9999981916393,0.0,999.999998191639,1.05,0.22360679774997896,2,0.1146225855915137,0.004497679563088303,0.13330823041747927,0.38943705697072584,0.010440779664647896,0.3975058690955262,1.2691731596509157,0.08323489683633241,1.311747417952896,1.2657634148689794,0.08341780827766489,1.3125192401630594,30.899999999603324,5.250563880124937,42.000000002131856,1.05,0.22360679774997896,2,0.024389161387809527,0.0038094314562064895,0.03324799562516779,0.21234919831997595,0.01818268359733574,0.24413240070389147,0.4533583181345975,0.03588554527349312,0.5062884771046265,0.4449748227764118,0.0364410065450215,0.4991195357377251
0.0001,0.0,2.0,0.6,0.0,489.3,283.98130034804825,946,1e-05,0.0,1e-05,1e-05,0.0,1e-05,1000.0,0.0,1000.0,1.0,0.0,1.0,0.0,0.0,0.0,999.9999981916393,0.0,999.999998191639,1.0,0.0,1,0.10097473650135738,0.0037591137915132665,0.11152914441503668,0.38692349159060047,0.004068382637936836,0.3938228034266277,1.2127910337915366,0.03957917338127123,1.2887343053572313,1.2107356204761672,0.039614623702306964,1.2866322553738596,142.50000001896842,70.34613666487623,359.9999998074836,1.0,0.0,1,0.02342221807089967,0.004176185807219361,0.0329770585790508,0.21321260029902483,0.021443312579027627,0.25913336360694805,0.4280438942793661,0.10983536254927326,0.5523147022959563,0.4191353998845643,0.10841125265573784,0.5448745590445401
0.0001,0.0,2.0,0.6,5.0,490.3,283.98130034804825,947,1e-05,0.0,1e-05,1e-05,0.0,1e-05,1000.0,0.0,1000.0,1.0,0.0,1.0,0.0,0.0,0.0,999.9999981916393,0.0,999.999998191639,1.05,0.22360679774997896,2,0.10475103164828822,0.0035518296637924063,0.11522778160728936,0.38886090732522655,0.003928252409868255,0.3983156827502974,1.2173936563106698,0.14321168467407036,1.311747417952896,1.2138928113012404,0.14299723778909226,1.307812728164541,64.20000000932055,13.07307397876885,84.00000001546324,1.1,0.3077935056255462,2,0.03224605027416851,0.004384112230751255,0.03958738539229337,0.2465279779326785,0.02851971722363689,0.2824720079396913,0.5223976559215918,0.08351071740405383,0.6213540400829508,0.5146966510782041,0.08552197665237513,0.6165710799978485
0.0001,0.0,2.0,0.7,0.0,492.1,284.4902921292561,948,1e-05,0.0,1e-05,1e-05,0.0,1e-05,1000.0,0.0,1000.0,1.0,0.0,1.0,0.0,0.0,0.0,999.9999981916393,0.0,999.999998191639,0.75,0.44426165831931924,1,0.07707596131267672,0.04656143454444911,0.1144240451961054,0.29572193673679326,0.1727754398055153,0.39866498947441636,0.49593257643657723,0.624485219935539,1.2887343053572313,0.4941714642247466,0.622254630626663,1.2856852426938388,482.49999935666074,370.97758400159955,999.999998191639,0.75,0.44426165831931924,1,0.01798424487583262,0.010670551694424097,0.029483734135818167,0.1620264675915324,0.09496169846118356,0.24363767776239506,0.02071180133609836,0.0926259914479738,0.4142360267219672,0.02007988069273797,0.08979995641809535,0.4015976138547594
0.0001,0.0,2.0,0.7,5.0,495.2,285.1683897740347,935,1e-05,0.0,1e-05,1e-05,0.0,1e-05,1000.0,0.0,1000.0,1.0,0.0,1.0,0.0,0.0,0.0,999.9999981916393,0.0,999.999998191639,1.0,0.0,1,0.0938146525272829,0.0085669695361435,0.11522850431093874,0.37577907608436406,0.007427644283522987,0.3917271531829214,0.9389349939031252,0.48189491323808215,1.1966818549745715,0.9371686285751508,0.4809842583271052,1.198130324749591,71.10000001165281,20.162236723726092,102.00000002117667,1.2,0.41039134083406165,2,0.03056969331737543,0.00500102596030418,0.039143810852930845,0.23738453219638173,0.026226298697691296,0.2796307653860681,0.47407011947069566,0.1230037866571077,0.598340927487286,0.46623430812235445,0.12497212602684624,0.5915432743373802
0.0001,0.0,2.0,0.8,0.0,495.05,282.7704062160306,949,1e-05,0.0,1e-05,1e-05,0.0,1e-05,1000.0,0.0,1000.0,1.0,0.0,1.0,0.0,0.0,0.0,999.9999981916393,0.0,999.999998191639,0.65,0.48936048492959294,1,0.055107355742354834,0.05001267996926081,0.11328355404433094,0.22792979331213647,0.1870805060840859,0.3999668987167637,0.06328605963807829,0.2830238627576976,1.2657211927615657,0.06329802200181309,0.2830773600746628,1.2659604400362618,667.4999989200275,385.21128777837373,999.999998191639,0.65,0.48936048492959294,1,0.014822149499513035,0.011863045785448221,0.030461298315847835,0.13391051814712693,0.10353398607704324,0.2487688828824299,0.0,0.0,0.0,0.0,0.0,0.0
0.0001,0.0,2.0,0.8,5.0,495.55,282.9401043181736,950,1e-05,0.0,1e-05,1e-05,0.0,1e-05,1000.0,0.0,1000.0,1.0,0.0,1.0,0.0,0.0,0.0,999.9999981916393,0.0,999.999998191639,0.95,0.22360679774997894,1,0.0797143589769342,0.022130737169952976,0.11234345463155691,0.34278443887487015,0.0811882652023091,0.39382160268488964,0.8066095964780529,0.47828796788710487,1.1276425171875772,0.8047838473433211,0.4771759560204411,1.1237773856892228,147.49999993017448,204.2412140603853,999.999998191639,1.1,0.44721359549995787,2,0.032965055197922644,0.010694596994612894,0.045308110033770645,0.24641867605450973,0.06902073391474188,0.3061358733557453,0.451057006875031,0.2509212552101473,0.6673802652742805,0.44659566866547895,0.24933007545740318,0.6621999344246241
0.0001,0.0,2.0,0.9,0.0,496.55,283.7021186125743,951,1e-05,0.0,1e-05,1e-05,0.0,1e-05,1000.0,0.0,1000.0,1.0,0.0,1.0,0.0,0.0,0.0,999.9999981916393,0.0,999.999998191639,0.7,0.47016234598162726,1,0.06862600115120136,0.04783601988706439,0.11513624241477736,0.2740567500952909,0.18195734813696895,0.39935110124112494,0.0,0.0,0.0,0.0,0.0,0.0,579.2999991472229,378.20199200042197,999.999998191639,0.7,0.47016234598162726,1,0.01690410038357892,0.011162191747934624,0.0292826519044747,0.15175961926661147,0.10054597572199774,0.24337606830375144,0.0,0.0,0.0,0.0,0.0,0.0
0.0001,0.0,2.0,0.9,5.0,497.65,283.6417820532014,952,1e-05,0.0,1e-05,1e-05,0.0,1e-05,1000.0,0.0,1000.0,1.0,0.0,1.0,0.0,0.0,0.0,999.9999981916393,0.0,999.999998191639,0.75,0.44426165831931924,1,0.0784567132345843,0.04671624385328853,0.11405809824356063,0.29626852416338795,0.17367709644810106,0.3997015024524612,0.0,0.0,0.0,0.0,0.0,0.0,468.69999941466614,361.8416482175843,999.999998191639,0.75,0.44426165831931924,1,0.018771139661621618,0.0112360875898667,0.03079169854745405,0.16640988162184076,0.09824543284652647,0.24972827092504768,0.0,0.0,0.0,0.0,0.0,0.0
0.0001,0.2,2.0,0.17,0.0,497.75,283.5882625067175,953,1e-05,0.0,1e-05,1e-05,0.0,1e-05,1000.0,0.0,1000.0,1.0,0.0,1.0,0.0,0.0,0.0,999.9999981916393,0.0,999.999998191639,1.0,0.0,1,0.11678402655888154,0.00478202430225276,0.12174083982669007,0.3927736806260518,0.002689141280604149,0.3973356576626347,0.0,0.0,0.0,0.0,0.0,0.0,166.1999999198742,170.9304565253129,659.9999990500564,1.0,0.0,1,0.01884115132073574,0.003672119548485443,0.028434928824000182,0.19940059557134782,0.021009057566039324,0.24820949224797517,0.0,0.0,0.0,0.0,0.0,0.0
0.0001,0.2,2.0,0.17,5.0,498.25,284.2546810242718,954,1e-05,0.0,1e-05,1e-05,0.0,1e-05,1000.0,0.0,1000.0,1.0,0.0,1.0,0.0,0.0,0.0,999.9999981916393,0.0,999.999998191639,1.1,0.3077935056255463,2,0.08031615315918969,0.007525878479560146,0.10968126393599877,0.32229073900119254,0.007761454694783715,0.3326006916935225,1.1207385834088779,0.024875685020733868,1.1736687423789067,1.12543517285759,0.025441146790031875,1.1802004935445325,5.999999999942021,0.0,5.9999999999420215,1.0,0.0,1,0.01247002014665891,0.00023158850654621659,0.01284634675030367,0.16043361737740647,0.0016095141536581518,0.16291891712675324,0.29917046374364287,0.0,0.299170463743643,0.2880195886740357,0.0016675889062987984,0.29088418385612425
0.0001,0.2,2.0,0.27,0.0,498.55,284.08587934303466,955,1e-05,0.0,1e-05,1e-05,0.0,1e-05,1000.0,0.0,1000.0,1.0,0.0,1.0,0.0,0.0,0.0,999.9999981916393,0.0,999.999998191639,1.0,0.0,1,0.11476443782513501,0.009015439450061634,0.12347042731734503,0.3911834831547093,0.002813023960367708,0.3964113122142242,0.3210329207095245,0.5779851430275647,1.4498260935268845,0.32068516523087415,0.5773107744945426,1.4482534645308578,206.39999991625623,197.9033253693004,881.9999984895602,1.0,0.0,1,0.01800501946233578,0.003524916329342307,0.025288698223194673,0.19440849959122336,0.021237205901770112,0.23296979257557235,0.0,0.0,0.0,0.0,0.0,0.0
0.0001,0.2,2.0,0.27,5.0,499.05,284.18868361484215,956,1e-05,0.0,1e-05,1e-05,0.0,1e-05,1000.0,0.0,1000.0,1.0,0.0,1.0,0.0,0.0,0.0,999.9999981916393,0.0,999.999998191639,1.0,0.0,1,0.08557517819132372,0.0018967894421030999,0.08948433487938307,0.3485342796492042,0.003609532251253595,0.3572215347919976,1.3497190537357426,0.020138636291581934,1.3807867557398903,1.3502706168742138,0.020329796642776607,1.3834721003756931,5.999999999942021,0.0,5.9999999999420215,1.0,0.0,1,0.014010269673103,0.0003146845636453454,0.014539537679352899,0.16720346326430646,0.0018573905459530725,0.170626431469104,0.323334231969091,0.005145888413776339,0.3451966889349727,0.30768835931846394,0.004755225656075456,0.32690356200088705
0.0001,0.2,2.0,0.37,0.0,500.35,284.1428986304343,957,1e-05,0.0,1e-05,1e-05,0.0,1e-05,1000.0,0.0,1000.0,1.0,0.0,1.0,0.0,0.0,0.0,999.9999981916393,0.0,999.999998191639,1.2,0.41039134083406165,2,0.11740940080202274,0.018056669284079053,0.17423499817558005,0.3878767467787742,0.005244456886012945,0.3977940632759648,1.303692828544413,0.32564934566779846,1.4498260935268845,1.3051283902979456,0.32593735933619056,1.4533845371968457,59.10000000763068,25.476304788387868,120.00000002689012,1.25,0.44426165831931924,2,0.022390742656235422,0.008389343540707127,0.046459034380689414,0.20394934715580612,0.025933267257416476,0.2839366282825239,0.3244848875988743,0.15263345860876484,0.5753278148916211,0.31936606565911085,0.15193064805072268,0.5771036873576917
0.0001,0.2,2.0,0.37,5.0,495.85,282.2524579166672,936,1e-05,0.0,1e-05,1e-05,0.0,1e-05,1000.0,0.0,1000.0,1.0,0.0,1.0,0.0,0.0,0.0,999.9999981916393,0.0,999.999998191639,1.0,0.0,1,0.1048660640250402,0.0011189234560052082,0.10730839116443028,0.38336896796663883,0.0037719971311123146,0.38856240019843397,1.4348675703397027,0.02393340417211728,1.4728392061225501,1.434928084143905,0.023762215067312364,1.4714524469020525,6.299999999930663,1.3416407864490825,11.999999999714875,1.0,0.0,1,0.014749667743011407,0.0021318319979278747,0.023716898595702012,0.17082164592354582,0.01279664920200772,0.22462272306317616,0.3336901326371402,0.026397850573901593,0.43724913931763204,0.318426056768501,0.030215258414312884,0.43960959972625313
0.0001,0.2,2.0,0.47,0.0,481.8,285.70662170172136,958,1e-05,0.0,1e-05,1e-05,0.0,1e-05,1000.0,0.0,1000.0,1.0,0.0,1.0,0.0,0.0,0.0,999.9999981916393,0.0,999.999998191639,1.0,0.0,1,0.11983586419197298,0.00119254537325462,0.1215043729771957,0.39472096206745044,0.003599453867934178,0.39948463542788754,1.4647846167140677,0.026159191074141667,1.5188654313138796,1.4633092168772401,0.026856042393825358,1.5224252829623333,27.300000000165937,11.262887356960809,60.000000007845294,1.1,0.3077935056255463,2,0.019684377802107352,0.0068593875281980935,0.03762364431878445,0.20055398322933757,0.030479037884122585,0.2657828748115002,0.37166176841998716,0.11403749234999447,0.5523147022959563,0.3669368646909214,0.11500733329520578,0.5541017389526391
0.0001,0.2,2.0,0.47,5.0,487.4,284.1831136877474,934,1e-05,0.0,1e-05,1e-05,0.0,1e-05,1000.0,0.0,1000.0,1.0,0.0,1.0,0.0,0.0,0.0,999.9999981916393,0.0,999.999998191639,1.0,0.0,1,0.12116678716965931,0.001665462083915536,0.12472379170519839,0.3938987746114604,0.003506210217489462,0.39963902055766587,1.4843457624203822,0.029395402336136377,1.5648916565052091,1.4846030663607925,0.030346393828894144,1.5675346441833218,11.999999999714875,0.0,11.999999999714875,1.0,0.0,1,0.021728557984114525,0.00042796823770540016,0.022425921335718642,0.21329944430986605,0.0023035231685901566,0.21715595195067192,0.43494782805806553,0.007083286601175101,0.43724913931763204,0.432891364946894,0.007014198026087619,0.4377476682846466
0.0001,0.2,2.0,0.6,0.0,478.0,283.59032720494986,932,1e-05,0.0,1e-05,1e-05,0.0,1e-05,1000.0,0.0,1000.0,1.0,0.0,1.0,0.0,0.0,0.0,999.9999981916393,0.0,999.999998191639,1.05,0.22360679774997894,2,0.12088336069696078,0.0015610545095317279,0.12367846140542217,0.39448514642643795,0.002820423344853642,0.3983588259676106,1.3589242987740087,0.32048991030370716,1.4728392061225501,1.3596082605406388,0.3206398824466023,1.472943446671103,30.900000000242812,9.786671926844663,54.00000000594082,1.1,0.3077935056255463,2,0.02093365809010805,0.0040928257610128365,0.03175773917734664,0.2037305989018015,0.01971840750171092,0.23577894370870686,0.39467488101565223,0.046192467228881325,0.48327536450896175,0.38907774793044025,0.04707227281050574,0.47783762911833
0.0001,0.2,2.0,0.6,5.0,470.85,282.28117281589255,916,1e-05,0.0,1e-05,1e-05,0.0,1e-05,1000.0,0.0,1000.0,1.0,0.0,1.0,0.0,0.0,0.0,999.9999981916393,0.0,999.999998191639,1.0,0.0,1,0.12252352460495901,0.0010338910166476786,0.12428066438779829,0.39372167566580873,0.002613600402110195,0.3973636492677488,1.4360182259694858,0.01735043787477198,1.4728392061225501,1.4358650963624535,0.017393981284317156,1.4717083032557876,18.599999999465016,1.8467610336833642,23.999999999260588,1.0,0.0,1,0.025402135056165363,0.0017861008489595642,0.030670306670564997,0.23208879968055868,0.007517335427470415,0.25355814566888585,0.46946749695156287,0.021639798012634225,0.5293015897002914,0.46606733572573456,0.022031970378273615,0.5276329134710254
0.0001,0.2,2.0,0.7,0.0,460.0,285.12822600219346,919,1e-05,0.0,1e-05,1e-05,0.0,1e-05,1000.0,0.0,1000.0,1.0,0.0,1.0,0.0,0.0,0.0,999.9999981916393,0.0,999.999998191639,1.0,0.0,1,0.10841900679324387,0.0013584146084027406,0.11194616927429316,0.39102507899082806,0.003332029378331143,0.39655616755423284,1.2668718483913488,0.01174630196932498,1.2887343053572313,1.2689381582467445,0.011577368518728363,1.2932164644417505,30.899999999958595,8.090930596456973,48.00000000403634,1.0,0.0,1,0.017892680754456797,0.003314728827077671,0.02502108744461442,0.19360840711045568,0.019866733399225445,0.23034429368740458,0.3785657021986868,0.04447078152392579,0.4602622519132969,0.37118381398469136,0.04555532877637507,0.45518469054262745
0.0001,0.2,2.0,0.7,5.0,460.95,284.21553626188626,918,1e-05,0.0,1e-05,1e-05,0.0,1e-05,1000.0,0.0,1000.0,1.0,0.0,1.0,0.0,0.0,0.0,999.9999981916393,0.0,999.999998191639,1.0,0.0,1,0.10966264478212293,0.0010198793115127722,0.11222397252214095,0.39082322814668136,0.0033341920341159706,0.3971009032940834,1.2818303715785313,0.01844074562706089,1.3347605305485608,1.284485545314772,0.01801705347118193,1.3348198638649253,23.69999999941405,5.322247250082317,36.00000000022737,1.0,0.0,1,0.027405494327706455,0.004220213109986525,0.03650835449675016,0.23887355015306772,0.017484568759139226,0.2740260365070652,0.4936312651770107,0.04691099331845139,0.598340927487286,0.48956260854194456,0.048183123285323586,0.5937856047973188
0.0001,0.2,2.0,0.8,0.0,460.55,284.03233229594423,917,1e-05,0.0,1e-05,1e-05,0.0,1e-05,1000.0,0.0,1000.0,1.0,0.0,1.0,0.0,0.0,0.0,999.9999981916393,0.0,999.999998191639,1.05,0.22360679774997894,2,0.10613510161228701,0.0159128832032021,0.15715572521099302,0.38434433062653184,0.006061224639930796,0.3955486161791382,1.1460530072641086,0.3048100263139737,1.495852318718215,1.1482552917937003,0.30474758278800107,1.493269663143177,43.20000000325882,24.12598512468109,114.00000002498564,1.1,0.3077935056255462,2,0.01875648595865302,0.009784454274565127,0.05291152212463013,0.1881023201154486,0.040347748051785176,0.29035084940157735,0.2692534173692787,0.1610225609261607,0.6213540400829508,0.26118882955498124,0.15939610183911987,0.621654533364774
0.0001,0.2,2.0,0.8,5.0,461.35,284.2864150631783,920,1e-05,0.0,1e-05,1e-05,0.0,1e-05,1000.0,0.0,1000.0,1.0,0.0,1.0,0.0,0.0,0.0,999.9999981916393,0.0,999.999998191639,1.0,0.0,1,0.09828207927580791,0.001122286699266764,0.09991301708310057,0.3819945802981826,0.003084509791075628,0.38895608526108627,1.1771207092682565,0.01714844684795378,1.2196949675702362,1.1796760762271894,0.017188362458160814,1.2206374844938288,45.00000000315515,10.925585619369153,72.00000001165427,1.0,0.0,1,0.038625444811914364,0.006111482693763545,0.05182379096854713,0.2795284549885886,0.019925891235116382,0.32068546830218164,0.613299450674468,0.06169421094806358,0.736419603061275,0.6118126228779566,0.06293875775926104,0.7378783476404834
0.0001,0.2,2.0,0.9,0.0,462.0,283.6170509312643,915,1e-05,0.0,1e-05,1e-05,0.0,1e-05,1000.0,0.0,1000.0,1.0,0.0,1.0,0.0,0.0,0.0,999.9999981916393,0.0,999.999998191639,1.1,0.3077935056255463,2,0.10820665874627307,0.0160874681808447,0.14204526334184767,0.3839779790936055,0.010112146822430957,0.3972423349479986,0.7766925501036883,0.5566817885030719,1.4268129809312198,0.7777408402607329,0.5574026037911445,1.4262676741709432,158.3999999437595,169.6654290296937,779.9999987470856,1.1,0.3077935056255463,2,0.02780395984481951,0.011128506786256574,0.05407335236377501,0.23354939976142872,0.04327327342311502,0.29875177961926214,0.2727053842586284,0.2832601303063196,0.6213540400829508,0.27488436981927983,0.285649693039499,0.630665993825127
0.0001,0.2,2.0,0.9,5.0,459.35,283.50072403137847,914,1e-05,0.0,1e-05,1e-05,0.0,1e-05,1000.0,0.0,1000.0,1.0,0.0,1.0,0.0,0.0,0.0,999.9999981916393,0.0,999.999998191639,1.0,0.0,1,0.09775060169889108,0.008340611394911292,0.11725795120940395,0.37947889693704623,0.007040618858175378,0.3945281958233948,0.9688520402774896,0.41771376870335336,1.150655629783242,0.9704141898646645,0.4183894394302702,1.1559576588353813,85.20000001591518,24.125985125088448,126.00000002879459,1.15,0.36634754853252327,2,0.04420020102267306,0.006635830281241258,0.06579212026585982,0.29258375172782614,0.03116177421719472,0.3286624230959498,0.6190527288233842,0.08476957745486316,0.736419603061275,0.6223418604181357,0.0872160228128757,0.7417967370888674
0.0001,0.4,2.0,0.17,0.0,458.95,283.32954125429353,913,1e-05,0.0,1e-05,1e-05,0.0,1e-05,1000.0,0.0,1000.0,1.0,0.0,1.0,0.0,0.0,0.0,999.9999981916393,0.0,999.999998191639,0.95,0.7591546545162483,2,0.04460404536174586,0.03683556818333592,0.12286160577566342,0.17784639827031262,0.1295222384633493,0.3918608969410687,0.0,0.0,0.0,0.0,0.0,0.0,712.4999988399154,323.1638815121798,999.999998191639,0.7,0.47016234598162726,1,0.01093895681940613,0.007988888177332279,0.022681732913304168,0.12636462694229744,0.08673947093225844,0.21326512590128388,0.0,0.0,0.0,0.0,0.0,0.0
0.0001,0.4,2.0,0.17,5.0,458.55,283.16137764439856,912,1e-05,0.0,1e-05,1e-05,0.0,1e-05,1000.0,0.0,1000.0,1.0,0.0,1.0,0.0,0.0,0.0,999.9999981916393,0.0,999.999998191639,1.25,0.44426165831931924,2,0.07993924853732791,0.021755615734005283,0.1466949145936544,0.27380035248941004,0.02683253591084627,0.33364150198275394,1.1805726761576059,0.13930463648977673,1.2657211927615657,1.1882984096591045,0.1401745595276131,1.2763068575229835,8.699999999910858,8.367229309309764,36.00000000022737,1.1,0.30779350562554625,2,0.02564542396296904,0.010063249831729421,0.055854773650374855,0.2168230117321622,0.02194711064990828,0.28354364371950086,0.48902864265787793,0.08476135657742975,0.736419603061275,0.4864785322860633,0.0874786207512411,0.7424244403520341
0.0001,0.4,2.0,0.27,0.0,461.1,284.36298152740954,921,1e-05,0.0,1e-05,1e-05,0.0,1e-05,1000.0,0.0,1000.0,1.0,0.0,1.0,0.0,0.0,0.0,999.9999981916393,0.0,999.999998191639,0.9,0.9679060415469871,3,0.04877478119206021,0.04559991974532072,0.13399651103571164,0.17229386970676802,0.15753546609825358,0.394495102981372,0.05062884771046265,0.16970348484547376,0.7134064904656102,0.050273726543029154,0.1682714445323959,0.7065137819394016,625.2999990543899,373.74028332700357,999.999998191639,0.6,0.5026246899500346,1,0.009606080780625508,0.008254333202739272,0.020743042907181767,0.11009590236079074,0.09287785642528971,0.2114872914955989,0.0,0.0,0.0,0.0,0.0,0.0
0.0001,0.4,2.0,0.27,5.0,466.85,283.655698450001,933,1e-05,0.0,1e-05,1e-05,0.0,1e-05,1000.0,0.0,1000.0,1.0,0.0,1.0,0.0,0.0,0.0,999.9999981916393,0.0,999.999998191639,1.2,0.41039134083406165,2,0.11415111037280583,0.009268953046820457,0.14243339250887377,0.3416427393452356,0.01856867540578721,0.36062455413841465,1.446374126637535,0.02393340417211728,1.495852318718215,1.4515380268180826,0.024348499511589374,1.5004521844918979,8.09999999986252,5.928521604784067,29.99999999903344,1.15,0.36634754853252327,2,0.029250501616443308,0.011703566227089263,0.06327262916903852,0.22479326801904861,0.02625070347146618,0.30409793091221554,0.5362055234789908,0.07975471765487202,0.7824458282526047,0.5324612845884842,0.08378091013659314,0.7899449248779981
0.0001,0.4,2.0,0.37,0.0,473.5,286.8783897861876,923,1e-05,0.0,1e-05,1e-05,0.0,1e-05,1000.0,0.0,1000.0,1.0,0.0,1.0,0.0,0.0,0.0,999.9999981916393,0.0,999.999998191639,1.3,1.0310954828418375,3,0.06970482778105837,0.04961784371186083,0.1582983971520634,0.22658281460328683,0.14769456890682925,0.39210133051725904,0.3636071790115045,0.46798557401037166,1.5418785439095444,0.362313824885718,0.4680910592671496,1.5457562362147972,658.1999989872415,343.1721365073046,999.999998191639,0.95,0.6863327411532597,2,0.019204448743849474,0.016838518372209278,0.05351724161764804,0.14999000873111357,0.08989410859767397,0.22596338276931552,0.06673802652742804,0.137451455840112,0.3682098015306375,0.06413119864239654,0.13208875286886004,0.3539851716966963
0.0001,0.4,2.0,0.37,5.0,470.5,282.48791310891795,924,1e-05,0.0,1e-05,1e-05,0.0,1e-05,1000.0,0.0,1000.0,1.0,0.0,1.0,0.0,0.0,0.0,999.9999981916393,0.0,999.999998191639,2.0,0.0,2,0.09131086383441078,0.002221374591695268,0.0951837123100437,0.3353434638297541,0.003710029453245321,0.341138341105869,0.0,0.0,0.0,0.0,0.0,0.0,7.499999999885235,4.718385093763669,23.999999999260588,1.1,0.3077935056255462,2,0.02795428287084467,0.009801038382031087,0.059539857381273605,0.22393928739178998,0.02466029348578437,0.30301047572425366,0.5316029009598578,0.07827307684762715,0.7824458282526047,0.5270609464256305,0.08238935637963547,0.7890752950412385
0.0001,0.4,2.0,0.47,0.0,468.2,284.11480259330307,925,1e-05,0.0,1e-05,1e-05,0.0,1e-05,1000.0,0.0,1000.0,1.0,0.0,1.0,0.0,0.0,0.0,999.9999981916393,0.0,999.999998191639,1.15,0.3663475485325234,2,0.11603972142267341,0.009781769014694046,0.15478915690592565,0.3716915508242426,0.03355887907767421,0.3954313377303656,1.3359111861783444,0.4672031770452218,1.5879047691008739,1.3373486231150726,0.46765668573400515,1.5891891564032188,190.79999997802452,118.35610841415867,479.9999995045128,1.15,0.3663475485325234,2,0.021137181711540547,0.015852451050618343,0.06628123495429326,0.18890547970757005,0.045967274182613045,0.29133380493517635,0.3382927551562731,0.150833169492571,0.598340927487286,0.33577994321893473,0.15376016312409468,0.6029397627661619
0.0001,0.4,2.0,0.47,5.0,469.2,284.11480259330307,926,1e-05,0.0,1e-05,1e-05,0.0,1e-05,1000.0,0.0,1000.0,1.0,0.0,1.0,0.0,0.0,0.0,999.9999981916393,0.0,999.999998191639,1.0,0.0,1,0.12249515076453554,0.0018133668822371053,0.12533773230247525,0.3681866172626135,0.004233508483003125,0.3804767825865444,1.6788065638537504,0.01899911826189882,1.7029703320791985,1.6820256106670972,0.019383472233146563,1.7149465583097427,6.599999999919307,1.8467610336833633,11.999999999714875,1.1,0.3077935056255462,2,0.02266813905914209,0.004688460513642423,0.03656659293996906,0.21027910403299632,0.012892598162999572,0.24989040498642248,0.4510570068750309,0.042499719607050575,0.5753278148916211,0.4477550566209417,0.044783467181238844,0.5786770707006351
0.0001,0.4,2.0,0.6,0.0,469.4,284.04603036906013,927,1e-05,0.0,1e-05,1e-05,0.0,1e-05,1000.0,0.0,1000.0,1.0,0.0,1.0,0.0,0.0,0.0,999.9999981916393,0.0,999.999998191639,1.05,0.22360679774997894,2,0.13444449690297094,0.003361860401846825,0.14735665631874378,0.39122349591126393,0.0032126585388144455,0.39732272207961516,1.5073588750160474,0.0741022977888382,1.5418785439095444,1.5128723009488634,0.07402694559659492,1.5510959909886985,56.10000000841927,45.83023595294877,180.00000004593494,1.1,0.30779350562554625,2,0.01943612964428148,0.012997739618698179,0.06752617778498543,0.18982183626137464,0.03597347233201222,0.26427970466117157,0.3739630796795538,0.08955837976846523,0.5523147022959563,0.37177532107381056,0.09376200390141023,0.5572342218218532
0.0001,0.4,2.0,0.6,5.0,469.4,284.03546850423635,928,1e-05,0.0,1e-05,1e-05,0.0,1e-05,1000.0,0.0,1000.0,1.0,0.0,1.0,0.0,0.0,0.0,999.9999981916393,0.0,999.999998191639,1.0,0.0,1,0.13348965168757673,0.001089472172583628,0.13533421234198204,0.38791246646930305,0.0029582411284551618,0.39446249046617377,1.5372759213904115,0.01416657320235013,1.5648916565052091,1.5418486775688867,0.015039175643188369,1.5676265222963788,11.999999999714875,0.0,11.999999999714875,1.0,0.0,1,0.028387162817223876,0.0003106874210913068,0.028994275474757858,0.24292588301893597,0.0012573223528067046,0.24499699197489264,0.5258496228109415,0.008430797383524756,0.5293015897002914,0.5282893966781916,0.00875557522754418,0.5338283948001774
0.0001,0.4,2.0,0.7,0.0,471.7,284.04393655689404,929,1e-05,0.0,1e-05,1e-05,0.0,1e-05,1000.0,0.0,1000.0,1.0,0.0,1.0,0.0,0.0,0.0,999.9999981916393,0.0,999.999998191639,1.0,0.0,1,0.11740327395996575,0.003011924544747151,0.12285045377484748,0.3915883603407185,0.004156742720379549,0.39614208838884696,1.3439657755868266,0.015661735959099622,1.3807867557398903,1.350678015244959,0.015236957225602197,1.387966186917178,26.400000000093428,11.744651639692043,54.00000000594082,1.0,0.0,1,0.01536788146634271,0.004388523859342884,0.021020225951033915,0.17967928343748507,0.027329726673957926,0.2136345868531671,0.34519668893497263,0.06719795693839804,0.43724913931763204,0.3414600607470052,0.07110231248843792,0.43817270496394184
0.0001,0.4,2.0,0.7,5.0,472.7,284.04393655689404,930,1e-05,0.0,1e-05,1e-05,0.0,1e-05,1000.0,0.0,1000.0,1.0,0.0,1.0,0.0,0.0,0.0,999.9999981916393,0.0,999.999998191639,1.0,0.0,1,0.11317523352558637,0.0054905494108911735,0.1214246025840296,0.3846085261762632,0.010326483472906534,0.3957725423641217,1.3497190537357426,0.015437665241328901,1.3807867557398903,1.356399337204856,0.014980318977521114,1.3861709625517742,9.299999999817091,3.062506713088303,11.999999999714875,1.0,0.0,1,0.022402718040587466,0.004918877961274288,0.02708840885816089,0.21748104191020246,0.023875855412433103,0.2404761717510375,0.43379717242828236,0.061240737612396554,0.5062884771046265,0.4313330345227159,0.06464295804464096,0.5080141282360737
0.0001,0.4,2.0,0.8,0.0,473.7,284.04393655689404,931,1e-05,0.0,1e-05,1e-05,0.0,1e-05,1000.0,0.0,1000.0,1.0,0.0,1.0,0.0,0.0,0.0,999.9999981916393,0.0,999.999998191639,1.35,0.489360484929593,2,0.06432386249663916,0.0053594627303630675,0.07580045986819357,0.22667616731716675,0.018493068153379796,0.2703864991181071,0.971153351537056,0.3259338238152563,1.242708080165901,0.9783366638477009,0.32736957877943473,1.2493086355670804,22.19999999986163,9.945112526895805,42.000000002131856,1.0,0.0,1,0.013979976552449216,0.0038190026089249015,0.020032358090519835,0.17134859497081173,0.02781591823765954,0.20948374780177637,0.32218357633930783,0.05486690208553057,0.4142360267219672,0.31639580116508326,0.06090512540918071,0.41564752197074284
0.0001,0.4,2.0,0.8,5.0,474.2,283.2041480516912,922,1e-05,0.0,1e-05,1e-05,0.0,1e-05,1000.0,0.0,1000.0,1.0,0.0,1.0,0.0,0.0,0.0,999.9999981916393,0.0,999.999998191639,1.1,0.3077935056255462,2,0.07104099230793562,0.00446740218092063,0.08035371440079749,0.24875317855104603,0.017302182434208144,0.28651435443587936,1.1782713648980396,0.15367086483025322,1.242708080165901,1.1868209255636983,0.15385732088184928,1.2521935413696055,5.999999999942021,0.0,5.9999999999420215,1.0,0.0,1,0.016599768772691818,0.00023639135522653235,0.016927240834123315,0.1895595260181595,0.0014728805460089286,0.19252542816882615,0.3682098015306376,0.0,0.3682098015306375,0.3632762558266599,0.0012404116633542893,0.3655667360299748
0.0001,0.4,2.0,0.9,0.0,475.5,283.608978404385,937,1e-05,0.0,1e-05,1e-05,0.0,1e-05,1000.0,0.0,1000.0,1.0,0.0,1.0,0.0,0.0,0.0,999.9999981916393,0.0,999.999998191639,2.2,0.4103913408340617,3,0.04890364795916369,0.002679620164334311,0.05394008970374013,0.21117671328185922,0.005467487367698465,0.21903411461345115,0.3866202916071695,0.0141665732023502,0.4142360267219672,0.3907896262272653,0.01398096476568835,0.4180097946124285,31.199999999591967,5.001052521444136,42.000000002131856,1.0,0.0,1,0.0246535675905192,0.0023276342146379327,0.029206569833139406,0.22257003962465735,0.006400027054935349,0.2333449698461266,0.475220775100479,0.03827233170798612,0.5523147022959563,0.48412061765552944,0.03880306491026066,0.5592920720929306
0.0001,0.4,2.0,0.9,5.0,476.05,286.295297496171,959,1e-05,0.0,1e-05,1e-05,0.0,1e-05,1000.0,0.0,1000.0,1.0,0.0,1.0,0.0,0.0,0.0,999.9999981916393,0.0,999.999998191639,2.05,0.22360679774997894,3,0.0489582505316164,0.002233743704256754,0.05566274627797754,0.20793068011191385,0.0052781677703488536,0.21695079713142731,0.39352422538586895,0.01652766873607523,0.4142360267219672,0.39798174307572315,0.016620585422252504,0.42207853816660906,30.300000000123426,14.49900178446797,90.00000001736771,1.05,0.22360679774997896,2,0.029341268537629344,0.0071902568053965185,0.05918022096330634,0.2370220805401933,0.003615421499118103,0.2427657180201934,0.5212470002918088,0.05699735478569626,0.736419603061275,0.5297345856862742,0.05834645401556617,0.750192520717818
